['my', '2023-08-30T19:06:25.661514', 5.4836273193359375e-06, 0.11065173149108887, 0.1106572151184082]
['because', '2023-08-30T19:06:35.565341', 1.9073486328125e-06, 0.09520959854125977, 0.09521150588989258]
['?', '2023-08-30T19:06:45.827527', 1.430511474609375e-06, 0.0871741771697998, 0.08717560768127441]
['enough', '2023-08-30T19:06:55.829923', 1.1920928955078125e-06, 0.06496691703796387, 0.06496810913085938]
['the', '2023-08-30T19:07:05.775505', 2.384185791015625e-06, 0.0840613842010498, 0.08406376838684082]
['the', '2023-08-30T19:07:15.694269', 1.430511474609375e-06, 0.09061717987060547, 0.09061861038208008]
['little', '2023-08-30T19:07:25.710277', 1.430511474609375e-06, 0.08684086799621582, 0.08684229850769043]
['was', '2023-08-30T19:07:35.741137', 3.0994415283203125e-06, 0.07785344123840332, 0.07785654067993164]
['out', '2023-08-30T19:07:46.026196', 2.86102294921875e-06, 0.08808088302612305, 0.08808374404907227]
['in', '2023-08-30T19:07:56.012653', 3.0994415283203125e-06, 0.08721494674682617, 0.08721804618835449]
['?', '2023-08-30T19:08:05.921638', 2.384185791015625e-06, 0.08971118927001953, 0.08971357345581055]
['waited', '2023-08-30T19:08:15.831688', 2.6226043701171875e-06, 0.085540771484375, 0.08554339408874512]
['it', '2023-08-30T19:08:25.880248', 3.0994415283203125e-06, 0.0652616024017334, 0.06526470184326172]
['want', '2023-08-30T19:08:35.979550', 3.337860107421875e-06, 0.0665593147277832, 0.06656265258789062]
['me', '2023-08-30T19:08:46.119296', 2.86102294921875e-06, 0.07453799247741699, 0.07454085350036621]
['homes', '2023-08-30T19:08:56.149697', 2.384185791015625e-06, 0.09151148796081543, 0.09151387214660645]
['a', '2023-08-30T19:09:05.987983', 2.86102294921875e-06, 0.09000849723815918, 0.0900113582611084]
['it', '2023-08-30T19:09:15.957668', 2.86102294921875e-06, 0.06625175476074219, 0.0662546157836914]
['.', '2023-08-30T19:09:26.020042', 2.86102294921875e-06, 0.09584617614746094, 0.09584903717041016]
['light', '2023-08-30T19:09:36.153431', 3.0994415283203125e-06, 0.06854128837585449, 0.06854438781738281]
['.', '2023-08-30T19:09:46.229421', 2.86102294921875e-06, 0.08737969398498535, 0.08738255500793457]
['then', '2023-08-30T19:09:56.228105', 1.430511474609375e-06, 0.06428694725036621, 0.06428837776184082]
['the', '2023-08-30T19:10:06.129941', 2.86102294921875e-06, 0.06774091720581055, 0.06774377822875977]
['not', '2023-08-30T19:10:16.120849', 2.6226043701171875e-06, 0.06792974472045898, 0.0679323673248291]
['for', '2023-08-30T19:10:26.148191', 2.86102294921875e-06, 0.08822512626647949, 0.08822798728942871]
['take', '2023-08-30T19:10:36.356096', 2.6226043701171875e-06, 0.08821892738342285, 0.08822154998779297]
['several', '2023-08-30T19:10:46.385789', 3.0994415283203125e-06, 0.08488845825195312, 0.08489155769348145]
['to', '2023-08-30T19:10:56.344752', 1.430511474609375e-06, 0.08551526069641113, 0.08551669120788574]
['your', '2023-08-30T19:11:06.232341', 1.9073486328125e-06, 0.08565759658813477, 0.08565950393676758]
['waited', '2023-08-30T19:11:16.335873', 2.6226043701171875e-06, 0.08518838882446289, 0.08519101142883301]
['very', '2023-08-30T19:11:26.245449', 9.298324584960938e-06, 0.07533884048461914, 0.0753481388092041]
['go', '2023-08-30T19:11:36.510057', 2.6226043701171875e-06, 0.08733081817626953, 0.08733344078063965]
['a', '2023-08-30T19:11:46.512179', 3.0994415283203125e-06, 0.07415461540222168, 0.07415771484375]
['is', '2023-08-30T19:11:56.458561', 3.0994415283203125e-06, 0.07245111465454102, 0.07245421409606934]
['very', '2023-08-30T19:12:06.377660', 2.86102294921875e-06, 0.08929967880249023, 0.08930253982543945]
['was', '2023-08-30T19:12:16.397973', 8.106231689453125e-06, 0.07504081726074219, 0.07504892349243164]
['i', '2023-08-30T19:12:26.426109', 1.6689300537109375e-06, 0.08912897109985352, 0.08913064002990723]
['stepped', '2023-08-30T19:12:36.710374', 3.0994415283203125e-06, 0.07560420036315918, 0.0756072998046875]
['so', '2023-08-30T19:12:46.696448', 3.0994415283203125e-06, 0.0760953426361084, 0.07609844207763672]
['big', '2023-08-30T19:12:56.602264', 3.0994415283203125e-06, 0.08069252967834473, 0.08069562911987305]
['was', '2023-08-30T19:13:06.513531', 3.0994415283203125e-06, 0.07587075233459473, 0.07587385177612305]
['for', '2023-08-30T19:13:16.559464', 2.6226043701171875e-06, 0.08753252029418945, 0.08753514289855957]
['guess', '2023-08-30T19:13:26.658243', 2.6226043701171875e-06, 0.0946817398071289, 0.09468436241149902]
['a', '2023-08-30T19:13:36.796725', 1.1920928955078125e-06, 0.08852767944335938, 0.08852887153625488]
['think', '2023-08-30T19:13:46.827274', 3.0994415283203125e-06, 0.09083199501037598, 0.0908350944519043]
['not', '2023-08-30T19:13:56.664494', 1.6689300537109375e-06, 0.06714129447937012, 0.06714296340942383]
['good', '2023-08-30T19:14:06.633790', 1.6689300537109375e-06, 0.06261229515075684, 0.06261396408081055]
['?', '2023-08-30T19:14:16.698333', 2.86102294921875e-06, 0.06994390487670898, 0.0699467658996582]
['types', '2023-08-30T19:14:26.831015', 1.1920928955078125e-06, 0.07547783851623535, 0.07547903060913086]
['.', '2023-08-30T19:14:36.909411', 2.86102294921875e-06, 0.07645773887634277, 0.07646059989929199]
['just', '2023-08-30T19:14:46.907196', 1.1920928955078125e-06, 0.09033417701721191, 0.09033536911010742]
['a', '2023-08-30T19:14:56.810983', 3.0994415283203125e-06, 0.08709430694580078, 0.0870974063873291]
['was', '2023-08-30T19:15:06.802504', 2.6226043701171875e-06, 0.08868408203125, 0.08868670463562012]
['.', '2023-08-30T19:15:16.830024', 2.86102294921875e-06, 0.07227325439453125, 0.07227611541748047]
['.', '2023-08-30T19:15:27.035225', 2.86102294921875e-06, 0.08847284317016602, 0.08847570419311523]
['a', '2023-08-30T19:15:37.061968', 1.6689300537109375e-06, 0.07945108413696289, 0.0794527530670166]
['for', '2023-08-30T19:15:47.021997', 3.0994415283203125e-06, 0.08937478065490723, 0.08937788009643555]
['and', '2023-08-30T19:15:56.911312', 3.0994415283203125e-06, 0.089935302734375, 0.08993840217590332]
['an', '2023-08-30T19:16:07.013044', 2.6226043701171875e-06, 0.09210896492004395, 0.09211158752441406]
['have', '2023-08-30T19:16:16.921165', 1.6689300537109375e-06, 0.09021878242492676, 0.09022045135498047]
['it', '2023-08-30T19:16:27.185902', 3.0994415283203125e-06, 0.06878352165222168, 0.06878662109375]
['a', '2023-08-30T19:16:37.188462', 3.0994415283203125e-06, 0.0665895938873291, 0.06659269332885742]
['the', '2023-08-30T19:16:47.134784', 2.86102294921875e-06, 0.0912926197052002, 0.09129548072814941]
['ate', '2023-08-30T19:16:57.050179', 3.0994415283203125e-06, 0.08732891082763672, 0.08733201026916504]
['because', '2023-08-30T19:17:07.066184', 2.86102294921875e-06, 0.09121084213256836, 0.09121370315551758]
['is', '2023-08-30T19:17:17.096974', 3.337860107421875e-06, 0.08817172050476074, 0.08817505836486816]
['.', '2023-08-30T19:17:27.381838', 2.86102294921875e-06, 0.06899523735046387, 0.06899809837341309]
['the', '2023-08-30T19:17:37.367731', 2.86102294921875e-06, 0.07644200325012207, 0.07644486427307129]
['is', '2023-08-30T19:17:47.276204', 2.86102294921875e-06, 0.09082627296447754, 0.09082913398742676]
['first', '2023-08-30T19:17:57.185580', 1.6689300537109375e-06, 0.0709238052368164, 0.07092547416687012]
['also', '2023-08-30T19:18:07.235293', 3.0994415283203125e-06, 0.07289338111877441, 0.07289648056030273]
['no', '2023-08-30T19:18:17.330355', 2.86102294921875e-06, 0.05186605453491211, 0.05186891555786133]
['it', '2023-08-30T19:18:27.467273', 2.6226043701171875e-06, 0.06483983993530273, 0.06484246253967285]
['.', '2023-08-30T19:18:37.497940', 3.337860107421875e-06, 0.08766460418701172, 0.08766794204711914]
['shocked', '2023-08-30T19:18:47.335671', 1.430511474609375e-06, 0.06352353096008301, 0.06352496147155762]
['look', '2023-08-30T19:18:57.306175', 3.0994415283203125e-06, 0.07605600357055664, 0.07605910301208496]
['was', '2023-08-30T19:19:07.369536', 3.0994415283203125e-06, 0.06549668312072754, 0.06549978256225586]
['is', '2023-08-30T19:19:17.502872', 1.6689300537109375e-06, 0.06996703147888184, 0.06996870040893555]
['train', '2023-08-30T19:19:27.583452', 3.0994415283203125e-06, 0.08803367614746094, 0.08803677558898926]
['two', '2023-08-30T19:19:37.584701', 2.6226043701171875e-06, 0.07590246200561523, 0.07590508460998535]
['hours', '2023-08-30T19:19:47.487670', 2.86102294921875e-06, 0.0914762020111084, 0.09147906303405762]
['so', '2023-08-30T19:19:57.480015', 3.0994415283203125e-06, 0.0681772232055664, 0.06818032264709473]
['all', '2023-08-30T19:20:07.507970', 2.86102294921875e-06, 0.0679769515991211, 0.06797981262207031]
['a', '2023-08-30T19:20:17.715213', 8.344650268554688e-06, 0.0707089900970459, 0.07071733474731445]
['with', '2023-08-30T19:20:27.744652', 2.6226043701171875e-06, 0.09065127372741699, 0.09065389633178711]
['.', '2023-08-30T19:20:37.703513', 1.430511474609375e-06, 0.08519411087036133, 0.08519554138183594]
['was', '2023-08-30T19:20:47.595151', 3.0994415283203125e-06, 0.06883573532104492, 0.06883883476257324]
['main', '2023-08-30T19:20:57.697792', 3.337860107421875e-06, 0.07761859893798828, 0.0776219367980957]
['how', '2023-08-30T19:21:07.604173', 2.86102294921875e-06, 0.0882112979888916, 0.08821415901184082]
['every', '2023-08-30T19:21:17.868030', 2.86102294921875e-06, 0.06645822525024414, 0.06646108627319336]
['.', '2023-08-30T19:21:27.870625', 2.86102294921875e-06, 0.07252717018127441, 0.07253003120422363]
['find', '2023-08-30T19:21:37.816404', 2.86102294921875e-06, 0.06432056427001953, 0.06432342529296875]
['get', '2023-08-30T19:21:47.734291', 3.337860107421875e-06, 0.08815455436706543, 0.08815789222717285]
['some', '2023-08-30T19:21:57.754362', 3.0994415283203125e-06, 0.08779215812683105, 0.08779525756835938]
['up', '2023-08-30T19:22:07.784114', 3.0994415283203125e-06, 0.07873058319091797, 0.07873368263244629]
['?', '2023-08-30T19:22:18.067444', 2.86102294921875e-06, 0.06533074378967285, 0.06533360481262207]
['god', '2023-08-30T19:22:28.051442', 1.6689300537109375e-06, 0.06000971794128418, 0.06001138687133789]
['he', '2023-08-30T19:22:37.962725', 2.86102294921875e-06, 0.08996796607971191, 0.08997082710266113]
['i', '2023-08-30T19:22:47.873285', 3.0994415283203125e-06, 0.0876777172088623, 0.08768081665039062]
['was', '2023-08-30T19:22:57.922044', 3.337860107421875e-06, 0.06547236442565918, 0.0654757022857666]
[',', '2023-08-30T19:23:08.021354', 3.0994415283203125e-06, 0.07227039337158203, 0.07227349281311035]
['just', '2023-08-30T19:23:18.159882', 9.775161743164062e-06, 0.08221006393432617, 0.08221983909606934]
['?', '2023-08-30T19:23:28.187894', 3.0994415283203125e-06, 0.08833599090576172, 0.08833909034729004]
['was', '2023-08-30T19:23:38.026786', 2.86102294921875e-06, 0.09340715408325195, 0.09341001510620117]
['light', '2023-08-30T19:23:47.997154', 2.6226043701171875e-06, 0.06725883483886719, 0.0672614574432373]
['going', '2023-08-30T19:23:58.060447', 1.430511474609375e-06, 0.09083175659179688, 0.09083318710327148]
['ate', '2023-08-30T19:24:08.195516', 8.58306884765625e-06, 0.09122109413146973, 0.09122967720031738]
['what', '2023-08-30T19:24:18.273973', 2.6226043701171875e-06, 0.09141159057617188, 0.09141421318054199]
['front', '2023-08-30T19:24:28.274581', 1.1920928955078125e-06, 0.08779311180114746, 0.08779430389404297]
['other', '2023-08-30T19:24:38.176746', 1.9073486328125e-06, 0.0880727767944336, 0.0880746841430664]
['to', '2023-08-30T19:24:48.168865', 2.86102294921875e-06, 0.07810211181640625, 0.07810497283935547]
['have', '2023-08-30T19:24:58.197833', 2.86102294921875e-06, 0.07188010215759277, 0.07188296318054199]
['a', '2023-08-30T19:25:08.404182', 2.6226043701171875e-06, 0.07600641250610352, 0.07600903511047363]
['.', '2023-08-30T19:25:18.433344', 2.86102294921875e-06, 0.08092331886291504, 0.08092617988586426]
['"', '2023-08-30T19:25:28.392253', 1.430511474609375e-06, 0.06134366989135742, 0.06134510040283203]
['long', '2023-08-30T19:25:38.281989', 2.6226043701171875e-06, 0.06789278984069824, 0.06789541244506836]
['me', '2023-08-30T19:25:48.384867', 2.86102294921875e-06, 0.07649803161621094, 0.07650089263916016]
['"', '2023-08-30T19:25:58.290001', 3.337860107421875e-06, 0.07603049278259277, 0.0760338306427002]
['days', '2023-08-30T19:26:08.552052', 2.6226043701171875e-06, 0.07247090339660645, 0.07247352600097656]
['?', '2023-08-30T19:26:18.554996', 7.3909759521484375e-06, 0.06641244888305664, 0.06641983985900879]
['little', '2023-08-30T19:26:28.500867', 2.86102294921875e-06, 0.06835770606994629, 0.06836056709289551]
['was', '2023-08-30T19:26:38.419225', 2.384185791015625e-06, 0.07129597663879395, 0.07129836082458496]
['and', '2023-08-30T19:26:48.439662', 2.6226043701171875e-06, 0.09135794639587402, 0.09136056900024414]
['miss', '2023-08-30T19:26:58.470671', 2.86102294921875e-06, 0.0721888542175293, 0.07219171524047852]
['we', '2023-08-30T19:27:08.756414', 3.337860107421875e-06, 0.09011626243591309, 0.09011960029602051]
['burns', '2023-08-30T19:27:18.743536', 1.430511474609375e-06, 0.06860017776489258, 0.06860160827636719]
['the', '2023-08-30T19:27:28.651545', 3.337860107421875e-06, 0.07668852806091309, 0.07669186592102051]
['can', '2023-08-30T19:27:38.561839', 3.0994415283203125e-06, 0.07537126541137695, 0.07537436485290527]
['do', '2023-08-30T19:27:48.610268', 1.6689300537109375e-06, 0.0761559009552002, 0.0761575698852539]
['your', '2023-08-30T19:27:58.709536', 3.0994415283203125e-06, 0.09084725379943848, 0.0908503532409668]
['.', '2023-08-30T19:28:08.848415', 2.86102294921875e-06, 0.07468318939208984, 0.07468605041503906]
['are', '2023-08-30T19:28:18.879298', 2.6226043701171875e-06, 0.08756589889526367, 0.08756852149963379]
['really', '2023-08-30T19:28:28.717602', 2.86102294921875e-06, 0.09279894828796387, 0.09280180931091309]
['see', '2023-08-30T19:28:38.683132', 1.9073486328125e-06, 0.06264209747314453, 0.06264400482177734]
['talk', '2023-08-30T19:28:48.749729', 2.6226043701171875e-06, 0.07042527198791504, 0.07042789459228516]
['the', '2023-08-30T19:28:58.884130', 3.337860107421875e-06, 0.09110164642333984, 0.09110498428344727]
['how', '2023-08-30T19:29:08.964708', 3.0994415283203125e-06, 0.05258369445800781, 0.05258679389953613]
['read', '2023-08-30T19:29:18.965595', 2.6226043701171875e-06, 0.08483195304870605, 0.08483457565307617]
['do', '2023-08-30T19:29:28.868068', 3.0994415283203125e-06, 0.07673454284667969, 0.07673764228820801]
['guess', '2023-08-30T19:29:38.860362', 2.86102294921875e-06, 0.09070634841918945, 0.09070920944213867]
['##o', '2023-08-30T19:29:48.887565', 2.86102294921875e-06, 0.06476807594299316, 0.06477093696594238]
['i', '2023-08-30T19:29:59.092584', 3.337860107421875e-06, 0.0887746810913086, 0.08877801895141602]
['?', '2023-08-30T19:30:09.122209', 3.0994415283203125e-06, 0.08973026275634766, 0.08973336219787598]
['to', '2023-08-30T19:30:19.078808', 1.6689300537109375e-06, 0.08037304878234863, 0.08037471771240234]
['think', '2023-08-30T19:30:28.967919', 1.430511474609375e-06, 0.07596254348754883, 0.07596397399902344]
['.', '2023-08-30T19:30:39.072377', 2.86102294921875e-06, 0.04813432693481445, 0.04813718795776367]
['take', '2023-08-30T19:30:48.980867', 2.86102294921875e-06, 0.08749270439147949, 0.08749556541442871]
['look', '2023-08-30T19:30:59.241715', 2.86102294921875e-06, 0.07061052322387695, 0.07061338424682617]
['a', '2023-08-30T19:31:09.243909', 2.6226043701171875e-06, 0.09024620056152344, 0.09024882316589355]
['"', '2023-08-30T19:31:19.190928', 2.6226043701171875e-06, 0.08781147003173828, 0.0878140926361084]
['the', '2023-08-30T19:31:29.109245', 2.384185791015625e-06, 0.07103109359741211, 0.07103347778320312]
['can', '2023-08-30T19:31:39.127993', 2.6226043701171875e-06, 0.08840775489807129, 0.0884103775024414]
['be', '2023-08-30T19:31:49.157952', 3.337860107421875e-06, 0.06604576110839844, 0.06604909896850586]
['go', '2023-08-30T19:31:59.444678', 3.0994415283203125e-06, 0.09041953086853027, 0.0904226303100586]
['yourself', '2023-08-30T19:32:09.432963', 2.86102294921875e-06, 0.08805203437805176, 0.08805489540100098]
['a', '2023-08-30T19:32:19.338421', 3.337860107421875e-06, 0.07118821144104004, 0.07119154930114746]
['can', '2023-08-30T19:32:29.248553', 2.6226043701171875e-06, 0.06589436531066895, 0.06589698791503906]
['since', '2023-08-30T19:32:39.297542', 2.6226043701171875e-06, 0.06547737121582031, 0.06547999382019043]
['so', '2023-08-30T19:32:49.395863', 1.6689300537109375e-06, 0.07310009002685547, 0.07310175895690918]
['a', '2023-08-30T19:32:59.535540', 3.0994415283203125e-06, 0.07573628425598145, 0.07573938369750977]
['.', '2023-08-30T19:33:09.565216', 2.86102294921875e-06, 0.0912466049194336, 0.09124946594238281]
['.', '2023-08-30T19:33:19.402930', 1.430511474609375e-06, 0.051526784896850586, 0.051528215408325195]
['are', '2023-08-30T19:33:29.374058', 3.0994415283203125e-06, 0.06478214263916016, 0.06478524208068848]
['was', '2023-08-30T19:33:39.438968', 2.86102294921875e-06, 0.08906054496765137, 0.08906340599060059]
['can', '2023-08-30T19:33:49.572381', 2.86102294921875e-06, 0.07225584983825684, 0.07225871086120605]
['.', '2023-08-30T19:33:59.652939', 2.6226043701171875e-06, 0.07555770874023438, 0.07556033134460449]
['was', '2023-08-30T19:34:09.651969', 1.430511474609375e-06, 0.08242654800415039, 0.082427978515625]
['.', '2023-08-30T19:34:19.553622', 2.86102294921875e-06, 0.09228110313415527, 0.09228396415710449]
['are', '2023-08-30T19:34:29.545757', 2.86102294921875e-06, 0.08794641494750977, 0.08794927597045898]
['a', '2023-08-30T19:34:39.571941', 2.6226043701171875e-06, 0.06392264366149902, 0.06392526626586914]
['a', '2023-08-30T19:34:49.779666', 3.337860107421875e-06, 0.06176280975341797, 0.06176614761352539]
['on', '2023-08-30T19:34:59.808899', 2.86102294921875e-06, 0.09152460098266602, 0.09152746200561523]
['so', '2023-08-30T19:35:09.768289', 3.0994415283203125e-06, 0.0886833667755127, 0.08868646621704102]
['good', '2023-08-30T19:35:19.658189', 3.0994415283203125e-06, 0.06541633605957031, 0.06541943550109863]
['time', '2023-08-30T19:35:29.758518', 2.6226043701171875e-06, 0.07549405097961426, 0.07549667358398438]
['very', '2023-08-30T19:35:39.665731', 1.6689300537109375e-06, 0.07599806785583496, 0.07599973678588867]
['i', '2023-08-30T19:35:49.930278', 3.0994415283203125e-06, 0.09093046188354492, 0.09093356132507324]
['up', '2023-08-30T19:35:59.932671', 1.9073486328125e-06, 0.07054495811462402, 0.07054686546325684]
['is', '2023-08-30T19:36:09.879089', 3.0994415283203125e-06, 0.09093832969665527, 0.0909414291381836]
['it', '2023-08-30T19:36:19.797952', 1.430511474609375e-06, 0.09149050712585449, 0.0914919376373291]
["'", '2023-08-30T19:36:29.817962', 1.430511474609375e-06, 0.06391572952270508, 0.06391716003417969]
['?', '2023-08-30T19:36:39.848643', 3.0994415283203125e-06, 0.07766175270080566, 0.07766485214233398]
['.', '2023-08-30T19:36:50.135378', 2.86102294921875e-06, 0.0764169692993164, 0.07641983032226562]
['every', '2023-08-30T19:37:00.124322', 2.86102294921875e-06, 0.06584620475769043, 0.06584906578063965]
['there', '2023-08-30T19:37:10.031260', 2.6226043701171875e-06, 0.06702876091003418, 0.0670313835144043]
['"', '2023-08-30T19:37:19.941650', 2.384185791015625e-06, 0.06750082969665527, 0.06750321388244629]
['for', '2023-08-30T19:37:29.991196', 2.6226043701171875e-06, 0.0889897346496582, 0.08899235725402832]
['?', '2023-08-30T19:37:40.086275', 2.86102294921875e-06, 0.0881657600402832, 0.08816862106323242]
['year', '2023-08-30T19:37:50.225464', 3.0994415283203125e-06, 0.0727994441986084, 0.07280254364013672]
['bird', '2023-08-30T19:38:00.255087', 1.430511474609375e-06, 0.09270811080932617, 0.09270954132080078]
['every', '2023-08-30T19:38:10.094128', 1.430511474609375e-06, 0.06894755363464355, 0.06894898414611816]
['eyes', '2023-08-30T19:38:20.064665', 2.86102294921875e-06, 0.06575822830200195, 0.06576108932495117]
['?', '2023-08-30T19:38:30.126364', 1.1920928955078125e-06, 0.06649255752563477, 0.06649374961853027]
['i', '2023-08-30T19:38:40.261580', 3.0994415283203125e-06, 0.09377932548522949, 0.09378242492675781]
['.', '2023-08-30T19:38:50.338229', 1.430511474609375e-06, 0.06710338592529297, 0.06710481643676758]
['how', '2023-08-30T19:39:00.340561', 2.86102294921875e-06, 0.09066200256347656, 0.09066486358642578]
['child', '2023-08-30T19:39:10.243437', 3.0994415283203125e-06, 0.08899259567260742, 0.08899569511413574]
['out', '2023-08-30T19:39:20.234837', 2.6226043701171875e-06, 0.08820652961730957, 0.08820915222167969]
['are', '2023-08-30T19:39:30.262919', 2.6226043701171875e-06, 0.08799910545349121, 0.08800172805786133]
['is', '2023-08-30T19:39:40.469508', 2.384185791015625e-06, 0.07111501693725586, 0.07111740112304688]
['the', '2023-08-30T19:39:50.497737', 2.6226043701171875e-06, 0.08800649642944336, 0.08800911903381348]
['.', '2023-08-30T19:40:00.457438', 2.6226043701171875e-06, 0.06906771659851074, 0.06907033920288086]
['to', '2023-08-30T19:40:10.347687', 3.0994415283203125e-06, 0.06863284111022949, 0.06863594055175781]
['a', '2023-08-30T19:40:20.450080', 2.6226043701171875e-06, 0.06668543815612793, 0.06668806076049805]
['?', '2023-08-30T19:40:30.359289', 3.0994415283203125e-06, 0.07784533500671387, 0.07784843444824219]
['?', '2023-08-30T19:40:40.623310', 8.106231689453125e-06, 0.06829643249511719, 0.06830453872680664]
['?', '2023-08-30T19:40:50.626732', 3.0994415283203125e-06, 0.09092330932617188, 0.0909264087677002]
['little', '2023-08-30T19:41:00.572249', 1.9073486328125e-06, 0.06379342079162598, 0.06379532814025879]
['is', '2023-08-30T19:41:10.489940', 1.430511474609375e-06, 0.08580684661865234, 0.08580827713012695]
['.', '2023-08-30T19:41:20.513139', 2.6226043701171875e-06, 0.07206034660339355, 0.07206296920776367]
['wanna', '2023-08-30T19:41:30.543341', 2.86102294921875e-06, 0.07227015495300293, 0.07227301597595215]
['can', '2023-08-30T19:41:40.829379', 3.0994415283203125e-06, 0.06787562370300293, 0.06787872314453125]
['forget', '2023-08-30T19:41:50.817321', 2.86102294921875e-06, 0.06928586959838867, 0.06928873062133789]
['was', '2023-08-30T19:42:00.724646', 1.6689300537109375e-06, 0.08775830268859863, 0.08775997161865234]
['had', '2023-08-30T19:42:10.636022', 3.0994415283203125e-06, 0.07015109062194824, 0.07015419006347656]
['?', '2023-08-30T19:42:20.685260', 2.86102294921875e-06, 0.07387208938598633, 0.07387495040893555]
['.', '2023-08-30T19:42:30.782156', 2.86102294921875e-06, 0.07125639915466309, 0.0712592601776123]
['what', '2023-08-30T19:42:40.919912', 2.1457672119140625e-06, 0.08556509017944336, 0.08556723594665527]
['are', '2023-08-30T19:42:50.950766', 3.5762786865234375e-06, 0.08737325668334961, 0.08737683296203613]
['dress', '2023-08-30T19:43:00.789597', 2.86102294921875e-06, 0.08770990371704102, 0.08771276473999023]
['in', '2023-08-30T19:43:10.757313', 3.337860107421875e-06, 0.07183170318603516, 0.07183504104614258]
['child', '2023-08-30T19:43:20.821250', 1.9073486328125e-06, 0.0881509780883789, 0.08815288543701172]
['he', '2023-08-30T19:43:30.953565', 3.0994415283203125e-06, 0.06900453567504883, 0.06900763511657715]
['the', '2023-08-30T19:43:41.031273', 2.6226043701171875e-06, 0.08907079696655273, 0.08907341957092285]
['i', '2023-08-30T19:43:51.032739', 2.86102294921875e-06, 0.08684849739074707, 0.08685135841369629]
['the', '2023-08-30T19:44:00.934368', 2.86102294921875e-06, 0.08810305595397949, 0.08810591697692871]
['where', '2023-08-30T19:44:10.925239', 1.430511474609375e-06, 0.07322907447814941, 0.07323050498962402]
['.', '2023-08-30T19:44:20.954286', 2.86102294921875e-06, 0.07796692848205566, 0.07796978950500488]
['is', '2023-08-30T19:44:31.161312', 2.6226043701171875e-06, 0.08265089988708496, 0.08265352249145508]
['##t', '2023-08-30T19:44:41.189980', 2.86102294921875e-06, 0.07693600654602051, 0.07693886756896973]
['it', '2023-08-30T19:44:51.150956', 2.86102294921875e-06, 0.062399864196777344, 0.06240272521972656]
['no', '2023-08-30T19:45:01.040016', 1.6689300537109375e-06, 0.04935312271118164, 0.04935479164123535]
['let', '2023-08-30T19:45:11.144362', 2.86102294921875e-06, 0.08103132247924805, 0.08103418350219727]
['was', '2023-08-30T19:45:21.053924', 3.337860107421875e-06, 0.06571269035339355, 0.06571602821350098]
['16', '2023-08-30T19:45:31.316371', 2.86102294921875e-06, 0.06873130798339844, 0.06873416900634766]
['to', '2023-08-30T19:45:41.319188', 2.384185791015625e-06, 0.09045577049255371, 0.09045815467834473]
['chicken', '2023-08-30T19:45:51.264833', 2.384185791015625e-06, 0.09060144424438477, 0.09060382843017578]
['your', '2023-08-30T19:46:01.184093', 3.0994415283203125e-06, 0.08697938919067383, 0.08698248863220215]
['together', '2023-08-30T19:46:11.204766', 2.86102294921875e-06, 0.09068894386291504, 0.09069180488586426]
['some', '2023-08-30T19:46:21.235577', 3.0994415283203125e-06, 0.08746099472045898, 0.0874640941619873]
['is', '2023-08-30T19:46:31.521212', 3.0994415283203125e-06, 0.08796429634094238, 0.0879673957824707]
['stepped', '2023-08-30T19:46:41.508635', 3.337860107421875e-06, 0.07629728317260742, 0.07630062103271484]
['going', '2023-08-30T19:46:51.414757', 3.337860107421875e-06, 0.12433886528015137, 0.12434220314025879]
['i', '2023-08-30T19:47:01.322090', 1.6689300537109375e-06, 0.10287761688232422, 0.10287928581237793]
['the', '2023-08-30T19:47:11.368231', 2.6226043701171875e-06, 0.09339714050292969, 0.0933997631072998]
['.', '2023-08-30T19:47:21.463156', 1.6689300537109375e-06, 0.07033586502075195, 0.07033753395080566]
['one', '2023-08-30T19:47:31.601470', 6.67572021484375e-06, 0.15693354606628418, 0.15694022178649902]
['do', '2023-08-30T19:47:41.629109', 4.291534423828125e-06, 0.1594541072845459, 0.15945839881896973]
['what', '2023-08-30T19:47:51.464649', 2.86102294921875e-06, 0.11359429359436035, 0.11359715461730957]
['talking', '2023-08-30T19:48:01.433582', 2.6226043701171875e-06, 0.11090636253356934, 0.11090898513793945]
['.', '2023-08-30T19:48:11.493137', 1.9073486328125e-06, 0.11088395118713379, 0.1108858585357666]
['types', '2023-08-30T19:48:21.621234', 2.1457672119140625e-06, 0.09665060043334961, 0.09665274620056152]
['dress', '2023-08-30T19:48:31.700890', 3.0994415283203125e-06, 0.09317255020141602, 0.09317564964294434]
['into', '2023-08-30T19:48:41.699747', 2.6226043701171875e-06, 0.11612796783447266, 0.11613059043884277]
['early', '2023-08-30T19:48:51.596507', 1.430511474609375e-06, 0.09582829475402832, 0.09582972526550293]
['to', '2023-08-30T19:49:01.586279', 1.6689300537109375e-06, 0.09768223762512207, 0.09768390655517578]
['this', '2023-08-30T19:49:11.611209', 1.6689300537109375e-06, 0.16410064697265625, 0.16410231590270996]
['"', '2023-08-30T19:49:21.815348', 1.9073486328125e-06, 0.07538938522338867, 0.07539129257202148]
['like', '2023-08-30T19:49:31.842109', 2.1457672119140625e-06, 0.12766695022583008, 0.127669095993042]
['?', '2023-08-30T19:49:41.800881', 3.0994415283203125e-06, 0.0824885368347168, 0.08249163627624512]
['together', '2023-08-30T19:49:51.689715', 1.1920928955078125e-06, 0.09194278717041016, 0.09194397926330566]
['.', '2023-08-30T19:50:01.792693', 1.430511474609375e-06, 0.08973503112792969, 0.0897364616394043]
['is', '2023-08-30T19:50:11.701110', 3.337860107421875e-06, 0.07793307304382324, 0.07793641090393066]
['forget', '2023-08-30T19:50:21.961948', 2.6226043701171875e-06, 0.072662353515625, 0.07266497611999512]
['wanna', '2023-08-30T19:50:31.962248', 1.430511474609375e-06, 0.06827211380004883, 0.06827354431152344]
['his', '2023-08-30T19:50:41.910021', 2.86102294921875e-06, 0.07260847091674805, 0.07261133193969727]
['they', '2023-08-30T19:50:51.823533', 2.86102294921875e-06, 0.14251184463500977, 0.14251470565795898]
['.', '2023-08-30T19:51:01.838866', 1.9073486328125e-06, 0.1209573745727539, 0.12095928192138672]
['into', '2023-08-30T19:51:11.866385', 1.9073486328125e-06, 0.12654995918273926, 0.12655186653137207]
['shocked', '2023-08-30T19:51:22.150352', 1.430511474609375e-06, 0.11772704124450684, 0.11772847175598145]
['refuge', '2023-08-30T19:51:32.136009', 2.6226043701171875e-06, 0.15518760681152344, 0.15519022941589355]
['the', '2023-08-30T19:51:42.040915', 2.6226043701171875e-06, 0.08664488792419434, 0.08664751052856445]
['bowls', '2023-08-30T19:51:51.947434', 2.1457672119140625e-06, 0.11566472053527832, 0.11566686630249023]
['we', '2023-08-30T19:52:01.993485', 3.5762786865234375e-06, 0.08208107948303223, 0.08208465576171875]
['room', '2023-08-30T19:52:12.088665', 3.5762786865234375e-06, 0.10393524169921875, 0.10393881797790527]
['city', '2023-08-30T19:52:22.225019', 2.6226043701171875e-06, 0.10092711448669434, 0.10092973709106445]
['has', '2023-08-30T19:52:32.250447', 1.6689300537109375e-06, 0.10686087608337402, 0.10686254501342773]
['because', '2023-08-30T19:52:42.085770', 3.0994415283203125e-06, 0.119903564453125, 0.11990666389465332]
['will', '2023-08-30T19:52:52.052745', 2.86102294921875e-06, 0.1067953109741211, 0.10679817199707031]
['the', '2023-08-30T19:53:02.113265', 5.0067901611328125e-06, 0.10105347633361816, 0.1010584831237793]
['the', '2023-08-30T19:53:12.243719', 2.86102294921875e-06, 0.11481356620788574, 0.11481642723083496]
['next', '2023-08-30T19:53:22.318495', 1.9073486328125e-06, 0.12031173706054688, 0.12031364440917969]
['why', '2023-08-30T19:53:32.320344', 3.5762786865234375e-06, 0.07631564140319824, 0.07631921768188477]
['these', '2023-08-30T19:53:42.221185', 2.86102294921875e-06, 0.07816052436828613, 0.07816338539123535]
['how', '2023-08-30T19:53:52.209697', 3.337860107421875e-06, 0.08898711204528809, 0.08899044990539551]
['mother', '2023-08-30T19:54:02.237563', 2.6226043701171875e-06, 0.06870532035827637, 0.06870794296264648]
['a', '2023-08-30T19:54:12.441183', 1.1920928955078125e-06, 0.09187817573547363, 0.09187936782836914]
['didn', '2023-08-30T19:54:22.466311', 1.9073486328125e-06, 0.11657285690307617, 0.11657476425170898]
['you', '2023-08-30T19:54:32.422360', 1.430511474609375e-06, 0.11658287048339844, 0.11658430099487305]
['and', '2023-08-30T19:54:42.313401', 2.86102294921875e-06, 0.111663818359375, 0.11166667938232422]
['the', '2023-08-30T19:54:52.410376', 1.6689300537109375e-06, 0.1082770824432373, 0.10827875137329102]
['every', '2023-08-30T19:55:02.316529', 1.9073486328125e-06, 0.09482812881469727, 0.09483003616333008]
['so', '2023-08-30T19:55:12.579015', 3.0994415283203125e-06, 0.08693695068359375, 0.08694005012512207]
['more', '2023-08-30T19:55:22.580614', 2.86102294921875e-06, 0.11658167839050293, 0.11658453941345215]
['very', '2023-08-30T19:55:32.521593', 2.86102294921875e-06, 0.1155858039855957, 0.11558866500854492]
['every', '2023-08-30T19:55:42.440109', 2.6226043701171875e-06, 0.11648416519165039, 0.11648678779602051]
['my', '2023-08-30T19:55:52.458672', 2.86102294921875e-06, 0.13891983032226562, 0.13892269134521484]
['##t', '2023-08-30T19:56:02.483872', 2.86102294921875e-06, 0.1089622974395752, 0.10896515846252441]
['wanna', '2023-08-30T19:56:12.764964', 2.1457672119140625e-06, 0.10368704795837402, 0.10368919372558594]
['nature', '2023-08-30T19:56:22.750764', 3.5762786865234375e-06, 0.09380626678466797, 0.09380984306335449]
['.', '2023-08-30T19:56:32.653839', 1.1920928955078125e-06, 0.11469531059265137, 0.11469650268554688]
['can', '2023-08-30T19:56:42.563719', 4.76837158203125e-06, 0.11596894264221191, 0.11597371101379395]
['stepped', '2023-08-30T19:56:52.608786', 3.0994415283203125e-06, 0.11338400840759277, 0.1133871078491211]
['he', '2023-08-30T19:57:02.702559', 1.9073486328125e-06, 0.11234211921691895, 0.11234402656555176]
['first', '2023-08-30T19:57:12.839531', 2.86102294921875e-06, 0.10712170600891113, 0.10712456703186035]
['for', '2023-08-30T19:57:22.868262', 4.0531158447265625e-06, 0.12244462966918945, 0.12244868278503418]
['##o', '2023-08-30T19:57:32.705070', 3.337860107421875e-06, 0.09737539291381836, 0.09737873077392578]
['for', '2023-08-30T19:57:42.671443', 1.6689300537109375e-06, 0.10359501838684082, 0.10359668731689453]
['be', '2023-08-30T19:57:52.732980', 3.337860107421875e-06, 0.09752488136291504, 0.09752821922302246]
['important', '2023-08-30T19:58:02.861868', 2.6226043701171875e-06, 0.10278892517089844, 0.10279154777526855]
['such', '2023-08-30T19:58:12.940596', 4.0531158447265625e-06, 0.13098955154418945, 0.13099360466003418]
['was', '2023-08-30T19:58:22.937338', 1.430511474609375e-06, 0.12343263626098633, 0.12343406677246094]
['ate', '2023-08-30T19:58:32.836613', 3.814697265625e-06, 0.12180280685424805, 0.12180662155151367]
['can', '2023-08-30T19:58:42.822547', 1.6689300537109375e-06, 0.09580206871032715, 0.09580373764038086]
['my', '2023-08-30T19:58:52.849295', 1.6689300537109375e-06, 0.12457418441772461, 0.12457585334777832]
['my', '2023-08-30T19:59:03.051908', 2.384185791015625e-06, 0.1365368366241455, 0.13653922080993652]
['my', '2023-08-30T19:59:13.078578', 2.86102294921875e-06, 0.09560418128967285, 0.09560704231262207]
['##t', '2023-08-30T19:59:23.036971', 2.384185791015625e-06, 0.11433553695678711, 0.11433792114257812]
['you', '2023-08-30T19:59:32.924703', 2.86102294921875e-06, 0.133103609085083, 0.13310647010803223]
['to', '2023-08-30T19:59:43.024526', 1.430511474609375e-06, 0.11275219917297363, 0.11275362968444824]
['paper', '2023-08-30T19:59:52.929641', 3.0994415283203125e-06, 0.1263582706451416, 0.12636137008666992]
['foreign', '2023-08-30T20:00:03.192404', 3.0994415283203125e-06, 0.1359391212463379, 0.1359422206878662]
['it', '2023-08-30T20:00:13.190965', 1.6689300537109375e-06, 0.1221463680267334, 0.12214803695678711]
['?', '2023-08-30T20:00:23.133032', 1.9073486328125e-06, 0.09609651565551758, 0.09609842300415039]
['will', '2023-08-30T20:00:33.051076', 2.6226043701171875e-06, 0.12128853797912598, 0.1212911605834961]
['the', '2023-08-30T20:00:43.068717', 2.6226043701171875e-06, 0.10176682472229004, 0.10176944732666016]
['a', '2023-08-30T20:00:53.096685', 2.6226043701171875e-06, 0.10410952568054199, 0.10411214828491211]
['can', '2023-08-30T20:01:03.380924', 2.6226043701171875e-06, 0.10919189453125, 0.10919451713562012]
['can', '2023-08-30T20:01:13.366543', 2.86102294921875e-06, 0.1094517707824707, 0.10945463180541992]
['a', '2023-08-30T20:01:23.270506', 1.430511474609375e-06, 0.11284708976745605, 0.11284852027893066]
['this', '2023-08-30T20:01:33.178581', 1.1920928955078125e-06, 0.11272025108337402, 0.11272144317626953]
['a', '2023-08-30T20:01:43.224827', 3.814697265625e-06, 0.09868359565734863, 0.09868741035461426]
['into', '2023-08-30T20:01:53.319182', 1.430511474609375e-06, 0.12522125244140625, 0.12522268295288086]
['other', '2023-08-30T20:02:03.455305', 3.0994415283203125e-06, 0.12537026405334473, 0.12537336349487305]
['house', '2023-08-30T20:02:13.484802', 3.5762786865234375e-06, 0.12584638595581055, 0.12584996223449707]
['is', '2023-08-30T20:02:23.319479', 2.86102294921875e-06, 0.13754868507385254, 0.13755154609680176]
['the', '2023-08-30T20:02:33.287998', 3.337860107421875e-06, 0.11108946800231934, 0.11109280586242676]
['these', '2023-08-30T20:02:43.348866', 2.384185791015625e-06, 0.1338493824005127, 0.1338517665863037]
['books', '2023-08-30T20:02:53.477680', 1.6689300537109375e-06, 0.1058509349822998, 0.10585260391235352]
['year', '2023-08-30T20:03:03.556399', 3.814697265625e-06, 0.10712957382202148, 0.10713338851928711]
['how', '2023-08-30T20:03:13.554834', 2.1457672119140625e-06, 0.0778508186340332, 0.07785296440124512]
['16', '2023-08-30T20:03:23.450989', 2.384185791015625e-06, 0.0950155258178711, 0.09501791000366211]
['kim', '2023-08-30T20:03:33.440070', 2.1457672119140625e-06, 0.1099553108215332, 0.10995745658874512]
['forest', '2023-08-30T20:03:43.464705', 2.86102294921875e-06, 0.1148681640625, 0.11487102508544922]
['so', '2023-08-30T20:03:53.669060', 2.1457672119140625e-06, 0.10205650329589844, 0.10205864906311035]
['do', '2023-08-30T20:04:03.694711', 1.430511474609375e-06, 0.11774420738220215, 0.11774563789367676]
['i', '2023-08-30T20:04:13.652277', 6.198883056640625e-06, 0.15673613548278809, 0.15674233436584473]
['door', '2023-08-30T20:04:23.538762', 2.86102294921875e-06, 0.08642983436584473, 0.08643269538879395]
['they', '2023-08-30T20:04:33.640020', 1.1920928955078125e-06, 0.09355616569519043, 0.09355735778808594]
['think', '2023-08-30T20:04:43.544836', 2.86102294921875e-06, 0.10308480262756348, 0.1030876636505127]
['?', '2023-08-30T20:04:53.803293', 1.1920928955078125e-06, 0.12043380737304688, 0.12043499946594238]
['day', '2023-08-30T20:05:03.802500', 3.337860107421875e-06, 0.1300504207611084, 0.13005375862121582]
['at', '2023-08-30T20:05:13.745205', 1.430511474609375e-06, 0.13059568405151367, 0.13059711456298828]
['well', '2023-08-30T20:05:23.663075', 1.9073486328125e-06, 0.1361241340637207, 0.13612604141235352]
['i', '2023-08-30T20:05:33.679082', 1.430511474609375e-06, 0.11497616767883301, 0.11497759819030762]
['t', '2023-08-30T20:05:43.707355', 1.6689300537109375e-06, 0.11755943298339844, 0.11756110191345215]
['.', '2023-08-30T20:05:53.992477', 4.0531158447265625e-06, 0.10663342475891113, 0.10663747787475586]
['ate', '2023-08-30T20:06:03.974333', 1.6689300537109375e-06, 0.13629746437072754, 0.13629913330078125]
['we', '2023-08-30T20:06:13.882462', 3.337860107421875e-06, 0.12034487724304199, 0.12034821510314941]
['days', '2023-08-30T20:06:23.792549', 2.86102294921875e-06, 0.10601258277893066, 0.10601544380187988]
['in', '2023-08-30T20:06:33.837339', 2.86102294921875e-06, 0.10445690155029297, 0.10445976257324219]
['say', '2023-08-30T20:06:43.930553', 2.384185791015625e-06, 0.12058806419372559, 0.1205904483795166]
['i', '2023-08-30T20:06:54.067617', 4.0531158447265625e-06, 0.15061187744140625, 0.15061593055725098]
['.', '2023-08-30T20:07:04.093663', 2.1457672119140625e-06, 0.1300487518310547, 0.1300508975982666]
['can', '2023-08-30T20:07:13.935800', 2.86102294921875e-06, 0.06494975090026855, 0.06495261192321777]
['i', '2023-08-30T20:07:23.904508', 2.384185791015625e-06, 0.0938568115234375, 0.09385919570922852]
['wife', '2023-08-30T20:07:33.964526', 1.430511474609375e-06, 0.0770881175994873, 0.07708954811096191]
['in', '2023-08-30T20:07:44.098843', 1.6689300537109375e-06, 0.07821249961853027, 0.07821416854858398]
['day', '2023-08-30T20:07:54.179525', 2.6226043701171875e-06, 0.08411860466003418, 0.0841212272644043]
['guess', '2023-08-30T20:08:04.180158', 3.0994415283203125e-06, 0.0922088623046875, 0.09221196174621582]
['the', '2023-08-30T20:08:14.076195', 1.430511474609375e-06, 0.07369804382324219, 0.0736994743347168]
['i', '2023-08-30T20:08:24.066975', 2.86102294921875e-06, 0.09282732009887695, 0.09283018112182617]
['?', '2023-08-30T20:08:34.093047', 1.6689300537109375e-06, 0.08947443962097168, 0.08947610855102539]
['.', '2023-08-30T20:08:44.300282', 2.86102294921875e-06, 0.09208035469055176, 0.09208321571350098]
['is', '2023-08-30T20:08:54.328009', 2.6226043701171875e-06, 0.08930206298828125, 0.08930468559265137]
['be', '2023-08-30T20:09:04.287024', 3.0994415283203125e-06, 0.07649898529052734, 0.07650208473205566]
['think', '2023-08-30T20:09:14.174645', 3.0994415283203125e-06, 0.09257769584655762, 0.09258079528808594]
['on', '2023-08-30T20:09:24.276386', 3.0994415283203125e-06, 0.09228396415710449, 0.09228706359863281]
['am', '2023-08-30T20:09:34.183543', 1.430511474609375e-06, 0.0909569263458252, 0.0909583568572998]
['?', '2023-08-30T20:09:44.447251', 1.430511474609375e-06, 0.09079742431640625, 0.09079885482788086]
['where', '2023-08-30T20:09:54.449357', 2.86102294921875e-06, 0.07706308364868164, 0.07706594467163086]
['for', '2023-08-30T20:10:04.394807', 2.86102294921875e-06, 0.09047889709472656, 0.09048175811767578]
['up', '2023-08-30T20:10:14.313110', 2.86102294921875e-06, 0.06662845611572266, 0.06663131713867188]
['?', '2023-08-30T20:10:24.333481', 3.0994415283203125e-06, 0.0676419734954834, 0.06764507293701172]
['i', '2023-08-30T20:10:34.362739', 1.1920928955078125e-06, 0.0963747501373291, 0.09637594223022461]
['?', '2023-08-30T20:10:44.643088', 2.384185791015625e-06, 0.12273287773132324, 0.12273526191711426]
['a', '2023-08-30T20:10:54.629610', 5.0067901611328125e-06, 0.10236692428588867, 0.1023719310760498]
['a', '2023-08-30T20:11:04.535014', 3.5762786865234375e-06, 0.10779380798339844, 0.10779738426208496]
['to', '2023-08-30T20:11:14.443485', 2.6226043701171875e-06, 0.12112855911254883, 0.12113118171691895]
['are', '2023-08-30T20:11:24.489201', 1.9073486328125e-06, 0.11443376541137695, 0.11443567276000977]
['going', '2023-08-30T20:11:34.585918', 4.291534423828125e-06, 0.2109663486480713, 0.21097064018249512]
['will', '2023-08-30T20:11:44.719351', 2.1457672119140625e-06, 0.13908886909484863, 0.13909101486206055]
['.', '2023-08-30T20:11:54.748170', 1.430511474609375e-06, 0.14093542098999023, 0.14093685150146484]
['will', '2023-08-30T20:12:04.582835', 1.430511474609375e-06, 0.12213635444641113, 0.12213778495788574]
['hooked', '2023-08-30T20:12:14.551473', 3.337860107421875e-06, 0.13228201866149902, 0.13228535652160645]
['several', '2023-08-30T20:12:24.613818', 3.0994415283203125e-06, 0.07907605171203613, 0.07907915115356445]
['was', '2023-08-30T20:12:34.743884', 3.337860107421875e-06, 0.08532381057739258, 0.0853271484375]
['very', '2023-08-30T20:12:44.818859', 2.1457672119140625e-06, 0.10334491729736328, 0.1033470630645752]
['a', '2023-08-30T20:12:54.816835', 1.1920928955078125e-06, 0.07701277732849121, 0.07701396942138672]
['a', '2023-08-30T20:13:04.718630', 4.76837158203125e-06, 0.07826685905456543, 0.07827162742614746]
['give', '2023-08-30T20:13:14.708738', 3.0994415283203125e-06, 0.08634591102600098, 0.0863490104675293]
['give', '2023-08-30T20:13:24.730247', 1.430511474609375e-06, 0.0857381820678711, 0.0857396125793457]
['dress', '2023-08-30T20:13:34.935250', 1.6689300537109375e-06, 0.09128999710083008, 0.09129166603088379]
['my', '2023-08-30T20:13:44.964146', 2.86102294921875e-06, 0.07609033584594727, 0.07609319686889648]
['there', '2023-08-30T20:13:54.918574', 1.6689300537109375e-06, 0.07398772239685059, 0.0739893913269043]
['mind', '2023-08-30T20:14:04.807487', 1.6689300537109375e-06, 0.09974813461303711, 0.09974980354309082]
['really', '2023-08-30T20:14:14.909103', 3.0994415283203125e-06, 0.10160183906555176, 0.10160493850708008]
['do', '2023-08-30T20:14:24.812755', 2.86102294921875e-06, 0.0838921070098877, 0.08389496803283691]
['need', '2023-08-30T20:14:35.072929', 2.86102294921875e-06, 0.09214234352111816, 0.09214520454406738]
['door', '2023-08-30T20:14:45.074404', 1.9073486328125e-06, 0.09738469123840332, 0.09738659858703613]
['the', '2023-08-30T20:14:55.018629', 5.0067901611328125e-06, 0.12783336639404297, 0.1278383731842041]
['you', '2023-08-30T20:15:04.936210', 2.1457672119140625e-06, 0.11186742782592773, 0.11186957359313965]
['it', '2023-08-30T20:15:14.951517', 3.0994415283203125e-06, 0.10818958282470703, 0.10819268226623535]
['your', '2023-08-30T20:15:24.979587', 1.6689300537109375e-06, 0.10503745079040527, 0.10503911972045898]
['my', '2023-08-30T20:15:35.264653', 2.1457672119140625e-06, 0.11130928993225098, 0.11131143569946289]
['.', '2023-08-30T20:15:45.251854', 3.0994415283203125e-06, 0.0674600601196289, 0.06746315956115723]
['my', '2023-08-30T20:15:55.154649', 1.9073486328125e-06, 0.09198546409606934, 0.09198737144470215]
['was', '2023-08-30T20:16:05.068047', 3.337860107421875e-06, 0.0701143741607666, 0.07011771202087402]
['see', '2023-08-30T20:16:15.110258', 1.6689300537109375e-06, 0.08153605461120605, 0.08153772354125977]
['.', '2023-08-30T20:16:25.209036', 2.6226043701171875e-06, 0.06068229675292969, 0.060684919357299805]
['in', '2023-08-30T20:16:35.346608', 3.337860107421875e-06, 0.0679926872253418, 0.06799602508544922]
['.', '2023-08-30T20:16:45.369086', 4.76837158203125e-06, 0.07771635055541992, 0.07772111892700195]
['can', '2023-08-30T20:16:55.207466', 2.86102294921875e-06, 0.08566427230834961, 0.08566713333129883]
['how', '2023-08-30T20:17:05.171259', 1.430511474609375e-06, 0.10215163230895996, 0.10215306282043457]
['.', '2023-08-30T20:17:15.230285', 2.1457672119140625e-06, 0.14394569396972656, 0.14394783973693848]
['me', '2023-08-30T20:17:25.361695', 2.1457672119140625e-06, 0.1492319107055664, 0.14923405647277832]
['don', '2023-08-30T20:17:35.442205', 2.86102294921875e-06, 0.13669562339782715, 0.13669848442077637]
['i', '2023-08-30T20:17:45.437244', 3.5762786865234375e-06, 0.12395071983337402, 0.12395429611206055]
['of', '2023-08-30T20:17:55.338665', 1.6689300537109375e-06, 0.11003565788269043, 0.11003732681274414]
['i', '2023-08-30T20:18:05.327821', 2.6226043701171875e-06, 0.10634064674377441, 0.10634326934814453]
['the', '2023-08-30T20:18:15.351655', 6.9141387939453125e-06, 0.13737106323242188, 0.13737797737121582]
['it', '2023-08-30T20:18:25.557136', 3.0994415283203125e-06, 0.12376213073730469, 0.12376523017883301]
['all', '2023-08-30T20:18:35.584295', 4.291534423828125e-06, 0.12418484687805176, 0.12418913841247559]
['"', '2023-08-30T20:18:45.539251', 2.1457672119140625e-06, 0.10033202171325684, 0.10033416748046875]
['the', '2023-08-30T20:18:55.428816', 3.337860107421875e-06, 0.11752653121948242, 0.11752986907958984]
['very', '2023-08-30T20:19:05.528717', 2.1457672119140625e-06, 0.11887359619140625, 0.11887574195861816]
['.', '2023-08-30T20:19:15.434109', 3.0994415283203125e-06, 0.12034749984741211, 0.12035059928894043]
['it', '2023-08-30T20:19:25.693355', 5.0067901611328125e-06, 0.14860820770263672, 0.14861321449279785]
['was', '2023-08-30T20:19:35.692537', 3.5762786865234375e-06, 0.09751248359680176, 0.09751605987548828]
['are', '2023-08-30T20:19:45.632818', 1.430511474609375e-06, 0.1110231876373291, 0.11102461814880371]
['have', '2023-08-30T20:19:55.548574', 3.0994415283203125e-06, 0.1119682788848877, 0.11197137832641602]
['don', '2023-08-30T20:20:05.564037', 3.337860107421875e-06, 0.13604950904846191, 0.13605284690856934]
['mother', '2023-08-30T20:20:15.591182', 2.1457672119140625e-06, 0.11092710494995117, 0.11092925071716309]
['room', '2023-08-30T20:20:25.877138', 5.0067901611328125e-06, 0.09887480735778809, 0.09887981414794922]
['want', '2023-08-30T20:20:35.858735', 2.1457672119140625e-06, 0.1045997142791748, 0.10460186004638672]
['did', '2023-08-30T20:20:45.764746', 1.430511474609375e-06, 0.10829877853393555, 0.10830020904541016]
['.', '2023-08-30T20:20:55.677387', 4.76837158203125e-06, 0.14170098304748535, 0.14170575141906738]
['that', '2023-08-30T20:21:05.718410', 1.9073486328125e-06, 0.13359308242797852, 0.13359498977661133]
['i', '2023-08-30T20:21:15.818154', 1.430511474609375e-06, 0.11604118347167969, 0.1160426139831543]
['of', '2023-08-30T20:21:25.950292', 1.430511474609375e-06, 0.13689899444580078, 0.1369004249572754]
['very', '2023-08-30T20:21:35.979666', 2.1457672119140625e-06, 0.1153402328491211, 0.11534237861633301]
['.', '2023-08-30T20:21:45.816165', 2.86102294921875e-06, 0.13593029975891113, 0.13593316078186035]
['i', '2023-08-30T20:21:55.783354', 1.430511474609375e-06, 0.11409449577331543, 0.11409592628479004]
['some', '2023-08-30T20:22:05.844133', 2.384185791015625e-06, 0.17096567153930664, 0.17096805572509766]
['##t', '2023-08-30T20:22:15.976599', 1.9073486328125e-06, 0.11061930656433105, 0.11062121391296387]
[',', '2023-08-30T20:22:26.051241', 1.9073486328125e-06, 0.10958671569824219, 0.109588623046875]
['on', '2023-08-30T20:22:36.051253', 3.0994415283203125e-06, 0.10457849502563477, 0.10458159446716309]
['a', '2023-08-30T20:22:45.952464', 3.337860107421875e-06, 0.11393952369689941, 0.11394286155700684]
['into', '2023-08-30T20:22:55.941464', 4.5299530029296875e-06, 0.12471246719360352, 0.12471699714660645]
['on', '2023-08-30T20:23:05.964945', 3.337860107421875e-06, 0.09756231307983398, 0.0975656509399414]
['how', '2023-08-30T20:23:16.168810', 3.5762786865234375e-06, 0.11041927337646484, 0.11042284965515137]
['he', '2023-08-30T20:23:26.194692', 1.9073486328125e-06, 0.11272621154785156, 0.11272811889648438]
['the', '2023-08-30T20:23:36.151871', 1.6689300537109375e-06, 0.11510968208312988, 0.1151113510131836]
['favorite', '2023-08-30T20:23:46.040013', 1.9073486328125e-06, 0.10811734199523926, 0.10811924934387207]
['are', '2023-08-30T20:23:56.140308', 1.9073486328125e-06, 0.13333868980407715, 0.13334059715270996]
['and', '2023-08-30T20:24:06.043792', 3.0994415283203125e-06, 0.10105156898498535, 0.10105466842651367]
['i', '2023-08-30T20:24:16.305837', 4.0531158447265625e-06, 0.1457843780517578, 0.14578843116760254]
['i', '2023-08-30T20:24:26.309339', 1.6689300537109375e-06, 0.1441330909729004, 0.1441347599029541]
['couldn', '2023-08-30T20:24:36.248888', 2.1457672119140625e-06, 0.14115166664123535, 0.14115381240844727]
['will', '2023-08-30T20:24:46.166933', 2.384185791015625e-06, 0.1297907829284668, 0.1297931671142578]
['a', '2023-08-30T20:24:56.182654', 1.9073486328125e-06, 0.13376092910766602, 0.13376283645629883]
['let', '2023-08-30T20:25:06.211542', 2.384185791015625e-06, 0.09964561462402344, 0.09964799880981445]
['.', '2023-08-30T20:25:16.493813', 1.6689300537109375e-06, 0.11475944519042969, 0.1147611141204834]
['obvious', '2023-08-30T20:25:26.481070', 3.5762786865234375e-06, 0.12472724914550781, 0.12473082542419434]
['talking', '2023-08-30T20:25:36.386143', 5.7220458984375e-06, 0.11993861198425293, 0.11994433403015137]
['that', '2023-08-30T20:25:46.290953', 3.337860107421875e-06, 0.13061308860778809, 0.1306164264678955]
['favorite', '2023-08-30T20:25:56.336501', 3.5762786865234375e-06, 0.12199115753173828, 0.1219947338104248]
['the', '2023-08-30T20:26:06.433260', 3.5762786865234375e-06, 0.07120847702026367, 0.0712120532989502]
['nature', '2023-08-30T20:26:16.568595', 2.86102294921875e-06, 0.0810861587524414, 0.08108901977539062]
['was', '2023-08-30T20:26:26.595558', 2.86102294921875e-06, 0.08292460441589355, 0.08292746543884277]
['do', '2023-08-30T20:26:36.429832', 1.6689300537109375e-06, 0.10048151016235352, 0.10048317909240723]
['paper', '2023-08-30T20:26:46.397871', 3.0994415283203125e-06, 0.11414480209350586, 0.11414790153503418]
['talking', '2023-08-30T20:26:56.454287', 2.1457672119140625e-06, 0.11739230155944824, 0.11739444732666016]
['my', '2023-08-30T20:27:06.588910', 2.86102294921875e-06, 0.06914782524108887, 0.06915068626403809]
['just', '2023-08-30T20:27:16.663865', 1.430511474609375e-06, 0.09487318992614746, 0.09487462043762207]
['.', '2023-08-30T20:27:26.664828', 3.337860107421875e-06, 0.0861825942993164, 0.08618593215942383]
['shower', '2023-08-30T20:27:36.567498', 4.0531158447265625e-06, 0.07216501235961914, 0.07216906547546387]
['first', '2023-08-30T20:27:46.559083', 2.86102294921875e-06, 0.07137107849121094, 0.07137393951416016]
['i', '2023-08-30T20:27:56.585422', 3.5762786865234375e-06, 0.09074640274047852, 0.09074997901916504]
['i', '2023-08-30T20:28:06.789560', 2.86102294921875e-06, 0.08223891258239746, 0.08224177360534668]
['is', '2023-08-30T20:28:16.814575', 1.9073486328125e-06, 0.08254718780517578, 0.0825490951538086]
['so', '2023-08-30T20:28:26.775150', 2.6226043701171875e-06, 0.09103083610534668, 0.0910334587097168]
['paper', '2023-08-30T20:28:36.661033', 3.337860107421875e-06, 0.1002500057220459, 0.10025334358215332]
['the', '2023-08-30T20:28:46.762684', 5.245208740234375e-06, 0.10666298866271973, 0.10666823387145996]
['.', '2023-08-30T20:28:56.669704', 3.0994415283203125e-06, 0.07431340217590332, 0.07431650161743164]
['do', '2023-08-30T20:29:06.934495', 2.86102294921875e-06, 0.0913238525390625, 0.09132671356201172]
['my', '2023-08-30T20:29:16.933049', 2.86102294921875e-06, 0.09110188484191895, 0.09110474586486816]
['sudden', '2023-08-30T20:29:26.873256', 2.86102294921875e-06, 0.09820890426635742, 0.09821176528930664]
['my', '2023-08-30T20:29:36.792509', 3.337860107421875e-06, 0.11377072334289551, 0.11377406120300293]
['became', '2023-08-30T20:29:46.807489', 1.6689300537109375e-06, 0.1182096004486084, 0.11821126937866211]
['forest', '2023-08-30T20:29:56.834758', 3.337860107421875e-06, 0.07865166664123535, 0.07865500450134277]
['what', '2023-08-30T20:30:07.120653', 2.1457672119140625e-06, 0.07390809059143066, 0.07391023635864258]
['i', '2023-08-30T20:30:17.104126', 1.9073486328125e-06, 0.09660196304321289, 0.0966038703918457]
['one', '2023-08-30T20:30:27.011385', 2.86102294921875e-06, 0.08013916015625, 0.08014202117919922]
['stand', '2023-08-30T20:30:36.921235', 3.337860107421875e-06, 0.07417726516723633, 0.07418060302734375]
['so', '2023-08-30T20:30:46.965472', 3.0994415283203125e-06, 0.07659530639648438, 0.0765984058380127]
["'", '2023-08-30T20:30:57.058536', 1.6689300537109375e-06, 0.06762051582336426, 0.06762218475341797]
['one', '2023-08-30T20:31:07.198493', 3.0994415283203125e-06, 0.08606362342834473, 0.08606672286987305]
['of', '2023-08-30T20:31:17.224007', 3.814697265625e-06, 0.10007119178771973, 0.10007500648498535]
['call', '2023-08-30T20:31:27.061509', 3.0994415283203125e-06, 0.09949302673339844, 0.09949612617492676]
['you', '2023-08-30T20:31:37.026485', 2.1457672119140625e-06, 0.06862354278564453, 0.06862568855285645]
['why', '2023-08-30T20:31:47.089528', 5.245208740234375e-06, 0.08388733863830566, 0.0838925838470459]
['?', '2023-08-30T20:31:57.221565', 4.0531158447265625e-06, 0.06553411483764648, 0.06553816795349121]
['two', '2023-08-30T20:32:07.296838', 3.0994415283203125e-06, 0.08180880546569824, 0.08181190490722656]
['no', '2023-08-30T20:32:17.293860', 1.6689300537109375e-06, 0.07628607749938965, 0.07628774642944336]
['.', '2023-08-30T20:32:27.194763', 1.430511474609375e-06, 0.07885265350341797, 0.07885408401489258]
['can', '2023-08-30T20:32:37.182616', 2.1457672119140625e-06, 0.08148980140686035, 0.08149194717407227]
['he', '2023-08-30T20:32:47.208772', 1.430511474609375e-06, 0.08670663833618164, 0.08670806884765625]
['not', '2023-08-30T20:32:57.411096', 1.6689300537109375e-06, 0.0800178050994873, 0.08001947402954102]
['a', '2023-08-30T20:33:07.439906', 2.86102294921875e-06, 0.07287454605102539, 0.07287740707397461]
['i', '2023-08-30T20:33:17.395996', 3.0994415283203125e-06, 0.07601761817932129, 0.07602071762084961]
['he', '2023-08-30T20:33:27.280842', 3.337860107421875e-06, 0.09112882614135742, 0.09113216400146484]
['the', '2023-08-30T20:33:37.378798', 1.9073486328125e-06, 0.0890812873840332, 0.08908319473266602]
['don', '2023-08-30T20:33:47.282968', 2.384185791015625e-06, 0.1260051727294922, 0.1260075569152832]
['the', '2023-08-30T20:33:57.546134', 1.9073486328125e-06, 0.1642770767211914, 0.16427898406982422]
['one', '2023-08-30T20:34:07.546818', 1.9073486328125e-06, 0.12131261825561523, 0.12131452560424805]
['are', '2023-08-30T20:34:17.486431', 2.384185791015625e-06, 0.11983728408813477, 0.11983966827392578]
['my', '2023-08-30T20:34:27.418707', 1.9073486328125e-06, 0.15213823318481445, 0.15214014053344727]
