['triceratops', '2023-09-14T20:02:21.234406', 0.09418058395385742, 0.308408260345459, 0.4025888442993164]
['triceratops', '2023-09-14T20:02:23.544751', 0.010230541229248047, 0.05237269401550293, 0.06260323524475098]
['triceratops', '2023-09-14T20:02:25.280237', 0.007932901382446289, 0.07734942436218262, 0.0852823257446289]
['flagpole', '2023-09-14T20:06:10.580655', 0.002376556396484375, 0.049330949783325195, 0.05170750617980957]
['amphibian', '2023-09-14T20:06:14.640611', 0.0018420219421386719, 0.06271505355834961, 0.06455707550048828]
['maraca', '2023-09-14T20:06:18.825849', 0.0036978721618652344, 0.04799389839172363, 0.05169177055358887]
['steel arch bridge', '2023-09-14T20:06:22.861160', 0.003871917724609375, 0.052108049392700195, 0.05597996711730957]
['nematode', '2023-09-14T20:06:26.924257', 0.002084970474243164, 0.04870867729187012, 0.05079364776611328]
['lawn mower', '2023-09-14T20:06:31.032447', 0.0026476383209228516, 0.048100948333740234, 0.050748586654663086]
['worm fence', '2023-09-14T20:06:35.245644', 0.002240896224975586, 0.053685665130615234, 0.05592656135559082]
['cradle', '2023-09-14T20:06:39.413374', 0.0038611888885498047, 0.050612449645996094, 0.0544736385345459]
['throne', '2023-09-14T20:06:43.501944', 0.002763509750366211, 0.04932355880737305, 0.05208706855773926]
['Walker hound', '2023-09-14T20:06:47.580849', 0.0037555694580078125, 0.047905683517456055, 0.05166125297546387]
['orangutan', '2023-09-14T20:06:51.696641', 0.0037856101989746094, 0.05398988723754883, 0.05777549743652344]
['lesser panda', '2023-09-14T20:06:55.699360', 0.0020613670349121094, 0.053412437438964844, 0.05547380447387695]
['barn spider', '2023-09-14T20:06:59.722080', 0.0039272308349609375, 0.05048704147338867, 0.05441427230834961]
['moving van', '2023-09-14T20:07:03.743268', 0.0038475990295410156, 0.04849076271057129, 0.052338361740112305]
['African chameleon', '2023-09-14T20:07:07.792264', 0.00416254997253418, 0.047334909439086914, 0.051497459411621094]
['cowboy boot', '2023-09-14T20:07:11.889976', 0.0032956600189208984, 0.062039852142333984, 0.06533551216125488]
['fox squirrel', '2023-09-14T20:07:16.011416', 0.003784656524658203, 0.058426618576049805, 0.06221127510070801]
['prayer rug', '2023-09-14T20:07:20.089891', 0.0039250850677490234, 0.0490872859954834, 0.05301237106323242]
['thresher', '2023-09-14T20:07:24.197853', 0.003864765167236328, 0.049010515213012695, 0.05287528038024902]
['eel', '2023-09-14T20:07:28.226178', 0.0037899017333984375, 0.04996919631958008, 0.053759098052978516]
['thresher', '2023-09-14T20:07:32.446588', 0.0037806034088134766, 0.04815673828125, 0.05193734169006348]
['Arabian camel', '2023-09-14T20:07:36.658890', 0.0036361217498779297, 0.05114912986755371, 0.05478525161743164]
['tailed frog', '2023-09-14T20:07:40.819988', 0.004492282867431641, 0.060775041580200195, 0.06526732444763184]
['three-toed sloth', '2023-09-14T20:07:44.831759', 0.003482818603515625, 0.05023074150085449, 0.05371356010437012]
['lemon', '2023-09-14T20:07:48.917750', 0.0036628246307373047, 0.048871755599975586, 0.05253458023071289]
['convertible', '2023-09-14T20:07:53.040762', 0.0021245479583740234, 0.04660797119140625, 0.04873251914978027]
['binoculars', '2023-09-14T20:07:57.045994', 0.0015964508056640625, 0.04901552200317383, 0.05061197280883789]
['cassette player', '2023-09-14T20:08:05.151960', 0.0034418106079101562, 0.057305335998535156, 0.06074714660644531]
['moving van', '2023-09-14T20:08:09.190759', 0.0020072460174560547, 0.04998207092285156, 0.05198931694030762]
['ground beetle', '2023-09-14T20:08:13.260764', 0.003766298294067383, 0.04881143569946289, 0.05257773399353027]
['hog', '2023-09-14T20:08:17.445183', 0.003183126449584961, 0.0585784912109375, 0.06176161766052246]
['mashed potato', '2023-09-14T20:08:21.477294', 0.002732515335083008, 0.047472238540649414, 0.05020475387573242]
['alp', '2023-09-14T20:08:25.546533', 0.003652334213256836, 0.05016684532165527, 0.05381917953491211]
['knee pad', '2023-09-14T20:08:29.614062', 0.0032439231872558594, 0.04735231399536133, 0.05059623718261719]
['meat loaf', '2023-09-14T20:08:33.828838', 0.003817319869995117, 0.050225257873535156, 0.05404257774353027]
['pay-phone', '2023-09-14T20:08:38.008383', 0.002793550491333008, 0.05050373077392578, 0.05329728126525879]
['American lobster', '2023-09-14T20:08:42.109653', 0.00403141975402832, 0.04827404022216797, 0.05230545997619629]
['barn spider', '2023-09-14T20:08:46.183730', 0.002628326416015625, 0.048152923583984375, 0.05078125]
['chain saw', '2023-09-14T20:08:50.290849', 0.0018663406372070312, 0.06587839126586914, 0.06774473190307617]
['rotisserie', '2023-09-14T20:08:54.313201', 0.002348661422729492, 0.06370878219604492, 0.06605744361877441]
['volleyball', '2023-09-14T20:08:58.339760', 0.0035622119903564453, 0.053124427795410156, 0.0566866397857666]
['overskirt', '2023-09-14T20:09:02.345233', 0.0017704963684082031, 0.07272887229919434, 0.07449936866760254]
['theater curtain', '2023-09-14T20:09:06.403871', 0.0020334720611572266, 0.06220269203186035, 0.06423616409301758]
['common newt', '2023-09-14T20:09:10.494441', 0.0023794174194335938, 0.05577731132507324, 0.058156728744506836]
['bulletproof vest', '2023-09-14T20:09:14.618240', 0.003973484039306641, 0.059726715087890625, 0.06370019912719727]
['leopard', '2023-09-14T20:09:18.684734', 0.0040476322174072266, 0.0618593692779541, 0.06590700149536133]
['barn spider', '2023-09-14T20:09:22.796527', 0.0038559436798095703, 0.04802656173706055, 0.05188250541687012]
['giant panda', '2023-09-14T20:09:26.814232', 0.0038695335388183594, 0.04703998565673828, 0.05090951919555664]
['digital watch', '2023-09-14T20:09:31.065308', 0.003987550735473633, 0.050164222717285156, 0.05415177345275879]
['electric ray', '2023-09-14T20:09:35.242063', 0.003473043441772461, 0.049291133880615234, 0.052764177322387695]
['fire screen', '2023-09-14T20:09:39.398461', 0.0038433074951171875, 0.04886603355407715, 0.052709341049194336]
['airliner', '2023-09-14T20:09:43.408719', 0.003841876983642578, 0.0479741096496582, 0.05181598663330078]
['bearskin', '2023-09-14T20:09:47.517537', 0.004048585891723633, 0.06216120719909668, 0.06620979309082031]
['fox squirrel', '2023-09-14T20:09:51.633463', 0.002184629440307617, 0.05724763870239258, 0.059432268142700195]
['prayer rug', '2023-09-14T20:09:55.626430', 0.0017366409301757812, 0.04819440841674805, 0.04993104934692383]
['lycaenid', '2023-09-14T20:09:59.692310', 0.0038292407989501953, 0.04962563514709473, 0.05345487594604492]
['scoreboard', '2023-09-14T20:10:03.708391', 0.00394892692565918, 0.047850847244262695, 0.051799774169921875]
['freight car', '2023-09-14T20:10:07.782175', 0.0023353099822998047, 0.047301530838012695, 0.0496368408203125]
['assault rifle', '2023-09-14T20:10:11.850044', 0.0041425228118896484, 0.05971646308898926, 0.0638589859008789]
['sulphur butterfly', '2023-09-14T20:10:16.031884', 0.003454923629760742, 0.047675132751464844, 0.051130056381225586]
['pedestal', '2023-09-14T20:10:20.069141', 0.004031181335449219, 0.06206798553466797, 0.06609916687011719]
['lemon', '2023-09-14T20:10:24.139966', 0.001631021499633789, 0.061048269271850586, 0.06267929077148438]
['tabby', '2023-09-14T20:10:28.204236', 0.001796722412109375, 0.07664942741394043, 0.0784461498260498]
['frilled lizard', '2023-09-14T20:10:32.406444', 0.002258777618408203, 0.08199930191040039, 0.0842580795288086]
['maypole', '2023-09-14T20:10:36.573258', 0.001783609390258789, 0.06084561347961426, 0.06262922286987305]
['go-kart', '2023-09-14T20:10:40.664339', 0.003646373748779297, 0.05011439323425293, 0.05376076698303223]
['koala', '2023-09-14T20:10:44.738773', 0.0016052722930908203, 0.06094861030578613, 0.06255388259887695]
['letter opener', '2023-09-14T20:10:48.880447', 0.002341032028198242, 0.04688620567321777, 0.049227237701416016]
['moving van', '2023-09-14T20:10:52.923481', 0.0040585994720458984, 0.0497584342956543, 0.053817033767700195]
['can opener', '2023-09-14T20:10:56.945026', 0.002206563949584961, 0.049636125564575195, 0.051842689514160156]
['eel', '2023-09-14T20:11:00.969289', 0.004009246826171875, 0.06194043159484863, 0.06594967842102051]
['leopard', '2023-09-14T20:11:05.019118', 0.0024313926696777344, 0.05870199203491211, 0.061133384704589844]
['ping-pong ball', '2023-09-14T20:11:09.130175', 0.003621339797973633, 0.04777693748474121, 0.051398277282714844]
['clog', '2023-09-14T20:11:13.248701', 0.004021883010864258, 0.04808807373046875, 0.05210995674133301]
['cannon', '2023-09-14T20:11:17.323370', 0.0039196014404296875, 0.05726218223571777, 0.06118178367614746]
['Labrador retriever', '2023-09-14T20:11:21.459205', 0.003449678421020508, 0.04996919631958008, 0.053418874740600586]
['bookcase', '2023-09-14T20:11:25.492613', 0.003955364227294922, 0.04748129844665527, 0.051436662673950195]
['worm fence', '2023-09-14T20:11:29.735233', 0.002878904342651367, 0.057383060455322266, 0.06026196479797363]
['espresso maker', '2023-09-14T20:11:33.913549', 0.004055023193359375, 0.04688382148742676, 0.05093884468078613]
['organ', '2023-09-14T20:11:38.073246', 0.003941535949707031, 0.0505528450012207, 0.054494380950927734]
['golden retriever', '2023-09-14T20:11:42.077752', 0.0025184154510498047, 0.06700253486633301, 0.06952095031738281]
['sidewinder', '2023-09-14T20:11:46.158469', 0.0019431114196777344, 0.04870963096618652, 0.05065274238586426]
['barometer', '2023-09-14T20:11:50.307107', 0.003933906555175781, 0.05956745147705078, 0.06350135803222656]
['cleaver', '2023-09-14T20:11:54.311718', 0.0019576549530029297, 0.06124234199523926, 0.06319999694824219]
['bulletproof vest', '2023-09-14T20:11:58.373781', 0.0023376941680908203, 0.06095528602600098, 0.0632929801940918]
['lesser panda', '2023-09-14T20:12:02.377890', 0.002650737762451172, 0.05548262596130371, 0.05813336372375488]
["potter's wheel", '2023-09-14T20:12:06.416566', 0.003835439682006836, 0.05038762092590332, 0.054223060607910156]
['candle', '2023-09-14T20:12:10.484328', 0.003964662551879883, 0.06445193290710449, 0.06841659545898438]
['monastery', '2023-09-14T20:12:14.668735', 0.0041468143463134766, 0.0593719482421875, 0.06351876258850098]
['chain mail', '2023-09-14T20:12:18.724224', 0.003664255142211914, 0.04829883575439453, 0.051963090896606445]
['meat loaf', '2023-09-14T20:12:22.803255', 0.004141330718994141, 0.06614851951599121, 0.07028985023498535]
['isopod', '2023-09-14T20:12:26.902967', 0.003882884979248047, 0.05844521522521973, 0.06232810020446777]
['lynx', '2023-09-14T20:12:31.120199', 0.0039615631103515625, 0.059622764587402344, 0.0635843276977539]
['thresher', '2023-09-14T20:12:35.280073', 0.003530740737915039, 0.05366873741149902, 0.05719947814941406]
['snorkel', '2023-09-14T20:12:39.380261', 0.003813505172729492, 0.04798102378845215, 0.05179452896118164]
['worm fence', '2023-09-14T20:12:43.448102', 0.0027403831481933594, 0.04725909233093262, 0.04999947547912598]
['fox squirrel', '2023-09-14T20:12:47.568280', 0.0041658878326416016, 0.06805968284606934, 0.07222557067871094]
['barbershop', '2023-09-14T20:12:51.590228', 0.003990650177001953, 0.0495450496673584, 0.05353569984436035]
['lion', '2023-09-14T20:12:55.620498', 0.003811359405517578, 0.048027753829956055, 0.05183911323547363]
['black stork', '2023-09-14T20:12:59.640121', 0.0035698413848876953, 0.049042463302612305, 0.0526123046875]
['sea slug', '2023-09-14T20:13:03.714040', 0.003492593765258789, 0.055736541748046875, 0.059229135513305664]
['goldfish', '2023-09-14T20:13:07.825785', 0.003954648971557617, 0.05001640319824219, 0.053971052169799805]
['whiskey jug', '2023-09-14T20:13:11.943362', 0.003893613815307617, 0.05015850067138672, 0.054052114486694336]
['grey whale', '2023-09-14T20:13:16.004438', 0.0034248828887939453, 0.04778265953063965, 0.051207542419433594]
['space shuttle', '2023-09-14T20:13:20.135478', 0.0016372203826904297, 0.059201717376708984, 0.060838937759399414]
['tusker', '2023-09-14T20:13:24.173345', 0.002529621124267578, 0.057378530502319336, 0.059908151626586914]
['hen-of-the-woods', '2023-09-14T20:13:28.383580', 0.003438234329223633, 0.045847177505493164, 0.0492854118347168]
['thatch', '2023-09-14T20:13:32.574106', 0.0020897388458251953, 0.05016064643859863, 0.05225038528442383]
['isopod', '2023-09-14T20:13:36.729363', 0.003963947296142578, 0.048845529556274414, 0.05280947685241699]
['street sign', '2023-09-14T20:13:40.738808', 0.004000663757324219, 0.049577951431274414, 0.05357861518859863]
['plate rack', '2023-09-14T20:13:44.852589', 0.003960609436035156, 0.06108283996582031, 0.06504344940185547]
['seashore', '2023-09-14T20:13:48.986289', 0.002737283706665039, 0.058594703674316406, 0.061331987380981445]
['German shepherd', '2023-09-14T20:13:52.984026', 0.002953052520751953, 0.052471160888671875, 0.05542421340942383]
['spatula', '2023-09-14T20:13:57.047476', 0.0029125213623046875, 0.04625511169433594, 0.049167633056640625]
['throne', '2023-09-14T20:14:01.086013', 0.0023665428161621094, 0.058736324310302734, 0.061102867126464844]
['shoji', '2023-09-14T20:14:05.141643', 0.004366636276245117, 0.04842233657836914, 0.05278897285461426]
['gong', '2023-09-14T20:14:09.191141', 0.003150463104248047, 0.058676719665527344, 0.06182718276977539]
['European fire salamander', '2023-09-14T20:14:13.407281', 0.003911733627319336, 0.04826545715332031, 0.05217719078063965]
['Loafer', '2023-09-14T20:14:17.441971', 0.004179954528808594, 0.046918630599975586, 0.05109858512878418]
['mashed potato', '2023-09-14T20:14:21.540481', 0.0037620067596435547, 0.0633842945098877, 0.06714630126953125]
['tobacco shop', '2023-09-14T20:14:25.621430', 0.003849506378173828, 0.04937314987182617, 0.05322265625]
['tabby', '2023-09-14T20:14:29.830518', 0.0018029212951660156, 0.047098636627197266, 0.04890155792236328]
['scorpion', '2023-09-14T20:14:34.016815', 0.0018801689147949219, 0.07568573951721191, 0.07756590843200684]
['thresher', '2023-09-14T20:14:42.211915', 0.0035545825958251953, 0.05963444709777832, 0.06318902969360352]
['indri', '2023-09-14T20:14:46.306400', 0.0037033557891845703, 0.047205448150634766, 0.050908803939819336]
['isopod', '2023-09-14T20:14:50.328288', 0.0037908554077148438, 0.05958414077758789, 0.06337499618530273]
['steel arch bridge', '2023-09-14T20:14:54.348542', 0.0021889209747314453, 0.06653690338134766, 0.0687258243560791]
['cleaver', '2023-09-14T20:14:58.365132', 0.0028922557830810547, 0.04664874076843262, 0.04954099655151367]
['leopard', '2023-09-14T20:15:02.440815', 0.003843545913696289, 0.04732775688171387, 0.051171302795410156]
['Arabian camel', '2023-09-14T20:15:06.556776', 0.003182649612426758, 0.06040835380554199, 0.06359100341796875]
['bearskin', '2023-09-14T20:15:14.727658', 0.002532958984375, 0.05832982063293457, 0.06086277961730957]
['monastery', '2023-09-14T20:15:18.825346', 0.0035049915313720703, 0.04638791084289551, 0.04989290237426758]
['three-toed sloth', '2023-09-14T20:15:22.857764', 0.00393986701965332, 0.04903578758239746, 0.05297565460205078]
['seashore', '2023-09-14T20:15:27.080808', 0.004160404205322266, 0.04994058609008789, 0.054100990295410156]
['vine snake', '2023-09-14T20:15:31.287299', 0.0021758079528808594, 0.04818868637084961, 0.05036449432373047]
['revolver', '2023-09-14T20:15:35.443386', 0.002772808074951172, 0.04768776893615723, 0.0504605770111084]
['milk can', '2023-09-14T20:15:43.543333', 0.0019462108612060547, 0.04790210723876953, 0.049848318099975586]
['candle', '2023-09-14T20:15:47.660511', 0.0021882057189941406, 0.049397945404052734, 0.051586151123046875]
['neck brace', '2023-09-14T20:15:51.654744', 0.001917123794555664, 0.04946279525756836, 0.05137991905212402]
['table lamp', '2023-09-14T20:15:55.719921', 0.004028797149658203, 0.060761213302612305, 0.06479001045227051]
['overskirt', '2023-09-14T20:15:59.727807', 0.0017232894897460938, 0.07637405395507812, 0.07809734344482422]
['pedestal', '2023-09-14T20:16:03.753797', 0.0016984939575195312, 0.05538368225097656, 0.057082176208496094]
['triceratops', '2023-09-14T20:16:07.825306', 0.0034799575805664062, 0.05736827850341797, 0.060848236083984375]
['meerkat', '2023-09-14T20:16:12.008638', 0.0023512840270996094, 0.056943655014038086, 0.059294939041137695]
['oboe', '2023-09-14T20:16:16.042886', 0.001980304718017578, 0.055547237396240234, 0.05752754211425781]
['custard apple', '2023-09-14T20:16:20.116939', 0.003397703170776367, 0.057971954345703125, 0.06136965751647949]
['sea slug', '2023-09-14T20:16:24.193255', 0.0018777847290039062, 0.05582022666931152, 0.05769801139831543]
['black grouse', '2023-09-14T20:16:28.401121', 0.0036385059356689453, 0.06285524368286133, 0.06649374961853027]
['monastery', '2023-09-14T20:16:32.558825', 0.003423452377319336, 0.05532550811767578, 0.05874896049499512]
['barn spider', '2023-09-14T20:16:36.670373', 0.0028705596923828125, 0.06164383888244629, 0.0645143985748291]
['plate', '2023-09-14T20:16:40.737161', 0.003506183624267578, 0.05430006980895996, 0.05780625343322754]
['triceratops', '2023-09-14T20:16:44.833414', 0.002051115036010742, 0.06513142585754395, 0.06718254089355469]
['spiny lobster', '2023-09-14T20:16:48.861648', 0.004111528396606445, 0.06645655632019043, 0.07056808471679688]
['Persian cat', '2023-09-14T20:16:52.890693', 0.0022706985473632812, 0.05557370185852051, 0.05784440040588379]
['velvet', '2023-09-14T20:16:56.897288', 0.002336740493774414, 0.06953644752502441, 0.07187318801879883]
['scoreboard', '2023-09-14T20:17:00.949645', 0.00393986701965332, 0.05620312690734863, 0.06014299392700195]
['drilling platform', '2023-09-14T20:17:05.031586', 0.004094600677490234, 0.0698094367980957, 0.07390403747558594]
['barn spider', '2023-09-14T20:17:13.203842', 0.002483844757080078, 0.06580066680908203, 0.06828451156616211]
['guillotine', '2023-09-14T20:17:17.332488', 0.0037086009979248047, 0.06859803199768066, 0.07230663299560547]
['face powder', '2023-09-14T20:17:21.358712', 0.0020313262939453125, 0.05548214912414551, 0.05751347541809082]
['bolo tie', '2023-09-14T20:17:25.613849', 0.0021207332611083984, 0.06608867645263672, 0.06820940971374512]
['brass', '2023-09-14T20:17:29.799972', 0.003217458724975586, 0.06439208984375, 0.06760954856872559]
['jersey', '2023-09-14T20:17:33.979803', 0.004186153411865234, 0.06328773498535156, 0.0674738883972168]
['American lobster', '2023-09-14T20:17:37.980049', 0.003820180892944336, 0.06475424766540527, 0.06857442855834961]
['goldfish', '2023-09-14T20:17:42.094200', 0.001821279525756836, 0.0582280158996582, 0.06004929542541504]
['thatch', '2023-09-14T20:17:46.209222', 0.001718282699584961, 0.08871960639953613, 0.0904378890991211]
['Windsor tie', '2023-09-14T20:17:50.221762', 0.0035076141357421875, 0.05542898178100586, 0.05893659591674805]
['maillot tank suit', '2023-09-14T20:17:54.284958', 0.0029404163360595703, 0.06435370445251465, 0.06729412078857422]
['Bedlington terrier', '2023-09-14T20:17:58.299121', 0.0040280818939208984, 0.05508017539978027, 0.05910825729370117]
['isopod', '2023-09-14T20:18:02.341721', 0.0018799304962158203, 0.055989980697631836, 0.057869911193847656]
['passenger car', '2023-09-14T20:18:06.435071', 0.0016527175903320312, 0.07459783554077148, 0.07625055313110352]
['hourglass', '2023-09-14T20:18:10.624738', 0.003858327865600586, 0.06783008575439453, 0.07168841361999512]
['thresher', '2023-09-14T20:18:14.655271', 0.003453969955444336, 0.0576019287109375, 0.061055898666381836]
['punching bag', '2023-09-14T20:18:18.707301', 0.0019381046295166016, 0.0572359561920166, 0.0591740608215332]
['Persian cat', '2023-09-14T20:18:22.792912', 0.003539562225341797, 0.06785178184509277, 0.07139134407043457]
['can opener', '2023-09-14T20:18:27.007193', 0.003883838653564453, 0.07380223274230957, 0.07768607139587402]
['teapot', '2023-09-14T20:18:31.192018', 0.0020029544830322266, 0.05514168739318848, 0.0571446418762207]
['overskirt', '2023-09-14T20:18:35.290720', 0.0034127235412597656, 0.055739402770996094, 0.05915212631225586]
['tobacco shop', '2023-09-14T20:18:39.365928', 0.003419160842895508, 0.06589269638061523, 0.06931185722351074]
['cliff', '2023-09-14T20:18:43.476766', 0.003057241439819336, 0.05842113494873047, 0.061478376388549805]
['mobile home', '2023-09-14T20:18:47.492629', 0.003939628601074219, 0.06539750099182129, 0.06933712959289551]
['toyshop', '2023-09-14T20:18:51.519901', 0.0026397705078125, 0.05368542671203613, 0.05632519721984863]
['lifeboat', '2023-09-14T20:18:55.537210', 0.0023598670959472656, 0.053932905197143555, 0.05629277229309082]
['worm fence', '2023-09-14T20:18:59.593716', 0.004128217697143555, 0.06667971611022949, 0.07080793380737305]
['cannon', '2023-09-14T20:19:03.678236', 0.003579854965209961, 0.0641934871673584, 0.06777334213256836]
['lifeboat', '2023-09-14T20:19:07.775636', 0.0036346912384033203, 0.05790400505065918, 0.0615386962890625]
['swimming trunks', '2023-09-14T20:19:11.839901', 0.004162788391113281, 0.0671396255493164, 0.07130241394042969]
['spaghetti squash', '2023-09-14T20:19:15.948299', 0.0021944046020507812, 0.06705641746520996, 0.06925082206726074]
['steel arch bridge', '2023-09-14T20:19:19.987964', 0.003560304641723633, 0.057420969009399414, 0.06098127365112305]
['tobacco shop', '2023-09-14T20:19:24.204209', 0.0033049583435058594, 0.06528401374816895, 0.0685889720916748]
['water tower', '2023-09-14T20:19:28.396419', 0.0017402172088623047, 0.06971931457519531, 0.07145953178405762]
['torch', '2023-09-14T20:19:32.560995', 0.003966808319091797, 0.06349492073059082, 0.06746172904968262]
['maraca', '2023-09-14T20:19:36.564120', 0.0038411617279052734, 0.05749249458312988, 0.061333656311035156]
['lion', '2023-09-14T20:19:40.647752', 0.0016293525695800781, 0.06229352951049805, 0.06392288208007812]
['Arabian camel', '2023-09-14T20:19:44.789307', 0.003920316696166992, 0.06614422798156738, 0.07006454467773438]
['worm fence', '2023-09-14T20:19:48.795906', 0.0034890174865722656, 0.07053947448730469, 0.07402849197387695]
['tobacco shop', '2023-09-14T20:19:52.840352', 0.0024423599243164062, 0.06563043594360352, 0.06807279586791992]
['sports car', '2023-09-14T20:19:56.860849', 0.0025806427001953125, 0.09044241905212402, 0.09302306175231934]
['toyshop', '2023-09-14T20:20:00.900034', 0.0039408206939697266, 0.049185752868652344, 0.05312657356262207]
['scorpion', '2023-09-14T20:20:04.993850', 0.002335786819458008, 0.05887198448181152, 0.06120777130126953]
['hand-held computer', '2023-09-14T20:20:09.179702', 0.0036792755126953125, 0.0698232650756836, 0.0735025405883789]
['electric ray', '2023-09-14T20:20:13.204799', 0.003785371780395508, 0.06329870223999023, 0.06708407402038574]
['maraca', '2023-09-14T20:20:17.274836', 0.003939628601074219, 0.06042289733886719, 0.0643625259399414]
['nipple', '2023-09-14T20:20:21.346778', 0.003907918930053711, 0.06240200996398926, 0.06630992889404297]
['breakwater', '2023-09-14T20:20:25.537265', 0.002112150192260742, 0.04726099967956543, 0.04937314987182617]
['bulletproof vest', '2023-09-14T20:20:29.698059', 0.00189208984375, 0.0707082748413086, 0.0726003646850586]
['barrel', '2023-09-14T20:20:33.797792', 0.0025811195373535156, 0.05099844932556152, 0.05357956886291504]
['bullet train', '2023-09-14T20:20:37.875235', 0.0027616024017333984, 0.057080745697021484, 0.05984234809875488]
['rotisserie', '2023-09-14T20:20:41.972747', 0.0018520355224609375, 0.05927324295043945, 0.06112527847290039]
['Irish water spaniel', '2023-09-14T20:20:45.988955', 0.001878976821899414, 0.06861710548400879, 0.0704960823059082]
['Persian cat', '2023-09-14T20:20:50.019605', 0.003996133804321289, 0.0647742748260498, 0.0687704086303711]
['sunscreen', '2023-09-14T20:20:54.035803', 0.002269268035888672, 0.06031513214111328, 0.06258440017700195]
['bell pepper', '2023-09-14T20:21:02.177846', 0.0037708282470703125, 0.05094432830810547, 0.05471515655517578]
['snorkel', '2023-09-14T20:21:06.266049', 0.0019273757934570312, 0.08356356620788574, 0.08549094200134277]
['meat loaf', '2023-09-14T20:21:10.329214', 0.0038394927978515625, 0.04958152770996094, 0.0534210205078125]
['punching bag', '2023-09-14T20:21:14.428994', 0.003295421600341797, 0.04806184768676758, 0.051357269287109375]
['lampshade', '2023-09-14T20:21:18.461776', 0.002830028533935547, 0.06606197357177734, 0.06889200210571289]
['monarch', '2023-09-14T20:21:22.682558', 0.0038743019104003906, 0.04825305938720703, 0.05212736129760742]
['maypole', '2023-09-14T20:21:26.867615', 0.003890514373779297, 0.049329280853271484, 0.05321979522705078]
['ambulance', '2023-09-14T20:21:35.035915', 0.003859996795654297, 0.050519704818725586, 0.05437970161437988]
['teapot', '2023-09-14T20:21:39.120476', 0.003399372100830078, 0.048355817794799805, 0.05175518989562988]
['black grouse', '2023-09-14T20:21:43.243417', 0.003391742706298828, 0.05951881408691406, 0.06291055679321289]
['brain coral', '2023-09-14T20:21:47.244614', 0.003750324249267578, 0.047662973403930664, 0.05141329765319824]
['umbrella', '2023-09-14T20:21:51.308969', 0.00400996208190918, 0.06215524673461914, 0.06616520881652832]
['barn spider', '2023-09-14T20:21:55.334083', 0.001973867416381836, 0.04828691482543945, 0.05026078224182129]
['bison', '2023-09-14T20:21:59.378687', 0.001659393310546875, 0.06010603904724121, 0.061765432357788086]
['flatworm', '2023-09-14T20:22:03.435883', 0.0042002201080322266, 0.05017518997192383, 0.054375410079956055]
['African chameleon', '2023-09-14T20:22:07.644819', 0.0038521289825439453, 0.05255770683288574, 0.05640983581542969]
['standard poodle', '2023-09-14T20:22:11.673528', 0.004007816314697266, 0.05379033088684082, 0.057798147201538086]
['bluetick', '2023-09-14T20:22:15.742515', 0.0023267269134521484, 0.058278799057006836, 0.060605525970458984]
['organ', '2023-09-14T20:22:19.821245', 0.0041429996490478516, 0.04939103126525879, 0.05353403091430664]
['sloth bear', '2023-09-14T20:22:24.061130', 0.0022590160369873047, 0.061023712158203125, 0.06328272819519043]
['chimpanzee', '2023-09-14T20:22:28.252942', 0.003260374069213867, 0.04662513732910156, 0.04988551139831543]
['consomme', '2023-09-14T20:22:32.349219', 0.0039789676666259766, 0.04793119430541992, 0.0519101619720459]
['Scotch terrier', '2023-09-14T20:22:36.404460', 0.0032546520233154297, 0.04946637153625488, 0.05272102355957031]
['fox squirrel', '2023-09-14T20:22:40.524478', 0.0023202896118164062, 0.06848335266113281, 0.07080364227294922]
['neck brace', '2023-09-14T20:22:44.547921', 0.0038433074951171875, 0.04924964904785156, 0.05309295654296875]
['black grouse', '2023-09-14T20:22:48.562976', 0.0033195018768310547, 0.055606842041015625, 0.05892634391784668]
['Persian cat', '2023-09-14T20:22:52.584282', 0.003544330596923828, 0.05004119873046875, 0.05358552932739258]
['overskirt', '2023-09-14T20:22:56.635800', 0.0022237300872802734, 0.048027753829956055, 0.05025148391723633]
['tobacco shop', '2023-09-14T20:23:00.750783', 0.003801584243774414, 0.06858158111572266, 0.07238316535949707]
['velvet', '2023-09-14T20:23:04.832411', 0.002114534378051758, 0.04775285720825195, 0.04986739158630371]
['lifeboat', '2023-09-14T20:23:08.900464', 0.003936290740966797, 0.0467379093170166, 0.0506742000579834]
['isopod', '2023-09-14T20:23:13.001592', 0.0021114349365234375, 0.04875636100769043, 0.05086779594421387]
['lotion', '2023-09-14T20:23:17.061709', 0.003881692886352539, 0.04990816116333008, 0.05378985404968262]
['punching bag', '2023-09-14T20:23:21.311610', 0.0028128623962402344, 0.06295490264892578, 0.06576776504516602]
['ground beetle', '2023-09-14T20:23:25.501411', 0.0026030540466308594, 0.04733586311340332, 0.04993891716003418]
['Loafer', '2023-09-14T20:23:29.685008', 0.0038909912109375, 0.049980878829956055, 0.053871870040893555]
['grey whale', '2023-09-14T20:23:33.691806', 0.002396821975708008, 0.05786752700805664, 0.06026434898376465]
['Sealyham terrier', '2023-09-14T20:23:37.774264', 0.003904104232788086, 0.06141257286071777, 0.06531667709350586]
['promontory', '2023-09-14T20:23:41.919403', 0.0037147998809814453, 0.04953742027282715, 0.053252220153808594]
['tripod', '2023-09-14T20:23:45.917500', 0.0037271976470947266, 0.047981977462768555, 0.05170917510986328]
['acorn', '2023-09-14T20:23:49.981647', 0.0039556026458740234, 0.05133342742919922, 0.05528903007507324]
['neck brace', '2023-09-14T20:23:53.993452', 0.004045963287353516, 0.05101513862609863, 0.05506110191345215]
['cockroach', '2023-09-14T20:23:58.038245', 0.003937244415283203, 0.04942631721496582, 0.05336356163024902]
['slot', '2023-09-14T20:24:02.096859', 0.0022122859954833984, 0.06342005729675293, 0.06563234329223633]
['bannister', '2023-09-14T20:24:06.283969', 0.0037686824798583984, 0.048233747482299805, 0.0520024299621582]
['academic gown', '2023-09-14T20:24:10.297756', 0.0026183128356933594, 0.06286358833312988, 0.06548190116882324]
['thatch', '2023-09-14T20:24:14.365378', 0.003897428512573242, 0.048065185546875, 0.05196261405944824]
['guillotine', '2023-09-14T20:24:18.438303', 0.0039119720458984375, 0.04901266098022461, 0.05292463302612305]
['dhole', '2023-09-14T20:24:22.653318', 0.004010915756225586, 0.049143314361572266, 0.05315423011779785]
['bighorn', '2023-09-14T20:24:26.859165', 0.0034072399139404297, 0.05887866020202637, 0.0622859001159668]
['tobacco shop', '2023-09-14T20:24:30.944895', 0.0029137134552001953, 0.0549774169921875, 0.057891130447387695]
['siamang', '2023-09-14T20:24:35.045778', 0.004049777984619141, 0.05352783203125, 0.05757761001586914]
['overskirt', '2023-09-14T20:24:39.158117', 0.0016074180603027344, 0.05946087837219238, 0.06106829643249512]
['tailed frog', '2023-09-14T20:24:43.184738', 0.003478527069091797, 0.05035591125488281, 0.05383443832397461]
['academic gown', '2023-09-14T20:24:47.213600', 0.003908872604370117, 0.05366039276123047, 0.057569265365600586]
['platypus', '2023-09-14T20:24:51.255960', 0.0035512447357177734, 0.06368494033813477, 0.06723618507385254]
['ant', '2023-09-14T20:24:55.309527', 0.004119873046875, 0.06019735336303711, 0.06431722640991211]
['ocarina', '2023-09-14T20:24:59.421329', 0.004102230072021484, 0.05967092514038086, 0.06377315521240234]
['oboe', '2023-09-14T20:25:03.513948', 0.0038759708404541016, 0.05113959312438965, 0.05501556396484375]
['pretzel', '2023-09-14T20:25:07.613527', 0.0038361549377441406, 0.04809451103210449, 0.05193066596984863]
['rock beauty', '2023-09-14T20:25:11.722984', 0.004030942916870117, 0.059163808822631836, 0.06319475173950195]
['coral reef', '2023-09-14T20:25:15.763492', 0.0038862228393554688, 0.04963207244873047, 0.05351829528808594]
['abacus', '2023-09-14T20:25:19.966101', 0.0029773712158203125, 0.047373294830322266, 0.05035066604614258]
['eggnog', '2023-09-14T20:25:24.158153', 0.003819704055786133, 0.049970149993896484, 0.05378985404968262]
['digital watch', '2023-09-14T20:25:28.341966', 0.004091978073120117, 0.06008291244506836, 0.06417489051818848]
['drumstick', '2023-09-14T20:25:32.340573', 0.0016660690307617188, 0.0670323371887207, 0.06869840621948242]
['military uniform', '2023-09-14T20:25:36.453221', 0.004143953323364258, 0.04972577095031738, 0.05386972427368164]
['hen-of-the-woods', '2023-09-14T20:25:40.566508', 0.0020029544830322266, 0.048053741455078125, 0.05005669593811035]
['space shuttle', '2023-09-14T20:25:44.564314', 0.0035431385040283203, 0.04917764663696289, 0.05272078514099121]
['lemon', '2023-09-14T20:25:48.621524', 0.003960609436035156, 0.06105756759643555, 0.0650181770324707]
['sulphur butterfly', '2023-09-14T20:25:52.627707', 0.003754138946533203, 0.06763744354248047, 0.07139158248901367]
['toyshop', '2023-09-14T20:25:56.695115', 0.0034210681915283203, 0.058254241943359375, 0.061675310134887695]
['ground beetle', '2023-09-14T20:26:00.787674', 0.0029850006103515625, 0.04792523384094238, 0.050910234451293945]
['moving van', '2023-09-14T20:26:04.965944', 0.0020842552185058594, 0.04707932472229004, 0.0491635799407959]
['can opener', '2023-09-14T20:26:09.000861', 0.0019528865814208984, 0.05451321601867676, 0.056466102600097656]
['trolleybus', '2023-09-14T20:26:13.077571', 0.002322673797607422, 0.06663918495178223, 0.06896185874938965]
['planetarium', '2023-09-14T20:26:17.183126', 0.002899646759033203, 0.04697442054748535, 0.049874067306518555]
['hourglass', '2023-09-14T20:26:21.404226', 0.0020160675048828125, 0.047731876373291016, 0.04974794387817383]
['hen-of-the-woods', '2023-09-14T20:26:25.569197', 0.003929615020751953, 0.049848079681396484, 0.05377769470214844]
['earthstar', '2023-09-14T20:26:29.687003', 0.003968954086303711, 0.05450868606567383, 0.05847764015197754]
['toy terrier', '2023-09-14T20:26:33.754719', 0.0022530555725097656, 0.048163652420043945, 0.05041670799255371]
['toy terrier', '2023-09-14T20:26:37.869498', 0.0040950775146484375, 0.04875779151916504, 0.05285286903381348]
['water jug', '2023-09-14T20:26:41.868077', 0.0033750534057617188, 0.046335697174072266, 0.049710750579833984]
['tabby', '2023-09-14T20:26:45.899929', 0.0038154125213623047, 0.048264503479003906, 0.05207991600036621]
['steel arch bridge', '2023-09-14T20:26:49.933194', 0.002679586410522461, 0.04676699638366699, 0.04944658279418945]
['stopwatch', '2023-09-14T20:26:53.987893', 0.002489328384399414, 0.0471193790435791, 0.049608707427978516]
['oboe', '2023-09-14T20:26:58.080552', 0.0038585662841796875, 0.047187089920043945, 0.05104565620422363]
['basketball', '2023-09-14T20:27:02.176011', 0.003709554672241211, 0.0724940299987793, 0.07620358467102051]
['candle', '2023-09-14T20:27:06.263878', 0.0030508041381835938, 0.048894405364990234, 0.05194520950317383]
['shoji', '2023-09-14T20:27:10.373131', 0.0039212703704833984, 0.0605623722076416, 0.064483642578125]
['Christmas stocking', '2023-09-14T20:27:14.412760', 0.003812074661254883, 0.0502476692199707, 0.054059743881225586]
['hand-held computer', '2023-09-14T20:27:18.651895', 0.0033788681030273438, 0.048830509185791016, 0.05220937728881836]
['tobacco shop', '2023-09-14T20:27:22.833251', 0.0036270618438720703, 0.061455726623535156, 0.06508278846740723]
['oboe', '2023-09-14T20:27:27.011674', 0.003842592239379883, 0.04908442497253418, 0.05292701721191406]
['screen', '2023-09-14T20:27:31.022265', 0.004083871841430664, 0.0643167495727539, 0.06840062141418457]
['rock beauty', '2023-09-14T20:27:35.096091', 0.0029332637786865234, 0.04637765884399414, 0.049310922622680664]
['hair slide', '2023-09-14T20:27:39.220675', 0.0034666061401367188, 0.05918478965759277, 0.06265139579772949]
['thresher', '2023-09-14T20:27:43.225049', 0.003885507583618164, 0.05172300338745117, 0.055608510971069336]
['oboe', '2023-09-14T20:27:47.286817', 0.00391840934753418, 0.061869144439697266, 0.06578755378723145]
['trolleybus', '2023-09-14T20:27:51.303896', 0.003922224044799805, 0.05936026573181152, 0.06328248977661133]
['golden retriever', '2023-09-14T20:27:55.349587', 0.003867626190185547, 0.050150156021118164, 0.05401778221130371]
['sidewinder', '2023-09-14T20:27:59.467106', 0.0029006004333496094, 0.04751253128051758, 0.05041313171386719]
['snail', '2023-09-14T20:28:03.657345', 0.003966808319091797, 0.06263852119445801, 0.0666053295135498]
['chimpanzee', '2023-09-14T20:28:07.689466', 0.0042231082916259766, 0.06267666816711426, 0.06689977645874023]
['mobile home', '2023-09-14T20:28:11.783825', 0.002889871597290039, 0.04823613166809082, 0.05112600326538086]
['chain mail', '2023-09-14T20:28:15.862063', 0.003483295440673828, 0.04904055595397949, 0.05252385139465332]
['consomme', '2023-09-14T20:28:20.090535', 0.001630544662475586, 0.05960345268249512, 0.0612339973449707]
['brown bear', '2023-09-14T20:28:24.249804', 0.002063751220703125, 0.06450366973876953, 0.06656742095947266]
['spotted salamander', '2023-09-14T20:28:28.351390', 0.003384113311767578, 0.0555262565612793, 0.058910369873046875]
['toyshop', '2023-09-14T20:28:32.413970', 0.0033712387084960938, 0.04877519607543945, 0.05214643478393555]
['milk can', '2023-09-14T20:28:36.529944', 0.003992319107055664, 0.04717254638671875, 0.051164865493774414]
['isopod', '2023-09-14T20:28:40.576311', 0.003877401351928711, 0.04912281036376953, 0.05300021171569824]
['whistle', '2023-09-14T20:28:44.600208', 0.0023751258850097656, 0.07001757621765137, 0.07239270210266113]
['marmoset', '2023-09-14T20:28:48.615137', 0.002843141555786133, 0.05920886993408203, 0.062052011489868164]
['consomme', '2023-09-14T20:28:52.665147', 0.0017611980438232422, 0.05008816719055176, 0.051849365234375]
['bighorn', '2023-09-14T20:28:56.729903', 0.002091646194458008, 0.04859781265258789, 0.0506894588470459]
['Japanese spaniel', '2023-09-14T20:29:00.820939', 0.004087209701538086, 0.06101632118225098, 0.06510353088378906]
['bearskin', '2023-09-14T20:29:04.887480', 0.001827239990234375, 0.06498861312866211, 0.06681585311889648]
['stopwatch', '2023-09-14T20:29:08.999509', 0.0036101341247558594, 0.04877471923828125, 0.05238485336303711]
['overskirt', '2023-09-14T20:29:13.047220', 0.0034644603729248047, 0.04790067672729492, 0.05136513710021973]
['plate rack', '2023-09-14T20:29:17.271114', 0.003991842269897461, 0.06114602088928223, 0.06513786315917969]
['volleyball', '2023-09-14T20:29:21.484181', 0.003911256790161133, 0.04771566390991211, 0.05162692070007324]
['coral reef', '2023-09-14T20:29:25.664793', 0.004095315933227539, 0.05144381523132324, 0.05553913116455078]
['brass', '2023-09-14T20:29:29.664148', 0.0026559829711914062, 0.04759788513183594, 0.050253868103027344]
['golden retriever', '2023-09-14T20:29:33.729476', 0.0016086101531982422, 0.048847198486328125, 0.05045580863952637]
['velvet', '2023-09-14T20:29:37.858481', 0.003892660140991211, 0.05126214027404785, 0.05515480041503906]
['Persian cat', '2023-09-14T20:29:41.849863', 0.0020656585693359375, 0.048583030700683594, 0.05064868927001953]
['muzzle', '2023-09-14T20:29:45.912941', 0.00392913818359375, 0.05028033256530762, 0.05420947074890137]
['agaric', '2023-09-14T20:29:49.928604', 0.003472566604614258, 0.048932552337646484, 0.05240511894226074]
['jellyfish', '2023-09-14T20:29:54.000355', 0.00390625, 0.05826830863952637, 0.06217455863952637]
['prayer rug', '2023-09-14T20:29:58.067979', 0.0041468143463134766, 0.049356937408447266, 0.05350375175476074]
['gazelle', '2023-09-14T20:30:02.279437', 0.0037984848022460938, 0.04682803153991699, 0.050626516342163086]
['milk can', '2023-09-14T20:30:06.289563', 0.0036592483520507812, 0.04958653450012207, 0.05324578285217285]
['assault rifle', '2023-09-14T20:30:10.383994', 0.0022258758544921875, 0.04800581932067871, 0.0502316951751709]
['chain saw', '2023-09-14T20:30:14.473697', 0.0015904903411865234, 0.0692892074584961, 0.07087969779968262]
['ringlet', '2023-09-14T20:30:18.679478', 0.0031621456146240234, 0.04881119728088379, 0.05197334289550781]
['moving van', '2023-09-14T20:30:22.866949', 0.0036509037017822266, 0.04967021942138672, 0.053321123123168945]
['seashore', '2023-09-14T20:30:26.988125', 0.0016884803771972656, 0.07104611396789551, 0.07273459434509277]
['leopard', '2023-09-14T20:30:31.061421', 0.0036454200744628906, 0.047918081283569336, 0.05156350135803223]
['pedestal', '2023-09-14T20:30:35.203808', 0.0029973983764648438, 0.0587153434753418, 0.06171274185180664]
['hog', '2023-09-14T20:30:39.221805', 0.004075527191162109, 0.050660133361816406, 0.054735660552978516]
['monastery', '2023-09-14T20:30:43.246464', 0.003984928131103516, 0.048863887786865234, 0.05284881591796875]
['bison', '2023-09-14T20:30:47.283831', 0.0022783279418945312, 0.048392534255981445, 0.05067086219787598]
['flatworm', '2023-09-14T20:30:51.341804', 0.003802776336669922, 0.04997849464416504, 0.05378127098083496]
['Christmas stocking', '2023-09-14T20:30:55.450575', 0.0034575462341308594, 0.048278093338012695, 0.051735639572143555]
['trifle', '2023-09-14T20:30:59.552653', 0.003973245620727539, 0.06116175651550293, 0.06513500213623047]
['book jacket', '2023-09-14T20:31:03.656548', 0.0036978721618652344, 0.059490203857421875, 0.06318807601928711]
['espresso maker', '2023-09-14T20:31:07.795661', 0.003493070602416992, 0.048110246658325195, 0.05160331726074219]
['steel arch bridge', '2023-09-14T20:31:11.810607', 0.002516031265258789, 0.04840493202209473, 0.050920963287353516]
['valley', '2023-09-14T20:31:16.027441', 0.0019309520721435547, 0.07520461082458496, 0.07713556289672852]
['academic gown', '2023-09-14T20:31:20.215706', 0.0025615692138671875, 0.047057151794433594, 0.04961872100830078]
['fox squirrel', '2023-09-14T20:31:24.374171', 0.0031719207763671875, 0.049910545349121094, 0.05308246612548828]
['Petri dish', '2023-09-14T20:31:28.381173', 0.004227399826049805, 0.04855823516845703, 0.052785634994506836]
['hip', '2023-09-14T20:31:32.487531', 0.003888368606567383, 0.060695648193359375, 0.06458401679992676]
['academic gown', '2023-09-14T20:31:36.605280', 0.003491640090942383, 0.06940770149230957, 0.07289934158325195]
['steel arch bridge', '2023-09-14T20:31:40.607358', 0.003920316696166992, 0.05940842628479004, 0.06332874298095703]
['lakeside', '2023-09-14T20:31:44.665832', 0.003462076187133789, 0.05084514617919922, 0.05430722236633301]
['monarch', '2023-09-14T20:31:48.673364', 0.003965139389038086, 0.04985690116882324, 0.05382204055786133]
['chain mail', '2023-09-14T20:31:52.714963', 0.0028247833251953125, 0.061484336853027344, 0.06430912017822266]
['fox squirrel', '2023-09-14T20:31:56.788201', 0.003962516784667969, 0.06586146354675293, 0.0698239803314209]
['plane', '2023-09-14T20:32:00.976880', 0.0030786991119384766, 0.04880833625793457, 0.05188703536987305]
['chiffonier', '2023-09-14T20:32:05.003870', 0.003853321075439453, 0.04896736145019531, 0.052820682525634766]
['cardoon', '2023-09-14T20:32:09.079484', 0.0026502609252929688, 0.047464847564697266, 0.050115108489990234]
['albatross', '2023-09-14T20:32:13.182790', 0.003699779510498047, 0.06161093711853027, 0.06531071662902832]
['water tower', '2023-09-14T20:32:17.395799', 0.002906322479248047, 0.0474853515625, 0.05039167404174805]
['projectile', '2023-09-14T20:32:21.559770', 0.0038604736328125, 0.048416852951049805, 0.052277326583862305]
['swimming trunks', '2023-09-14T20:32:25.650006', 0.0038301944732666016, 0.04732012748718262, 0.05115032196044922]
['cradle', '2023-09-14T20:32:29.712034', 0.0035414695739746094, 0.04785346984863281, 0.05139493942260742]
['lakeside', '2023-09-14T20:32:33.857363', 0.004372596740722656, 0.05876874923706055, 0.0631413459777832]
['baboon', '2023-09-14T20:32:37.903342', 0.0017173290252685547, 0.06751179695129395, 0.0692291259765625]
['cheetah', '2023-09-14T20:32:41.930424', 0.0015668869018554688, 0.04944205284118652, 0.05100893974304199]
['valley', '2023-09-14T20:32:45.942401', 0.003774881362915039, 0.057817935943603516, 0.061592817306518555]
['sax', '2023-09-14T20:32:50.002810', 0.0041048526763916016, 0.05928850173950195, 0.06339335441589355]
['tobacco shop', '2023-09-14T20:32:54.115612', 0.0041506290435791016, 0.060117244720458984, 0.06426787376403809]
['throne', '2023-09-14T20:32:58.217104', 0.0017304420471191406, 0.06569290161132812, 0.06742334365844727]
['thresher', '2023-09-14T20:33:02.292910', 0.0038406848907470703, 0.04926586151123047, 0.05310654640197754]
['magnetic compass', '2023-09-14T20:33:06.446837', 0.004163026809692383, 0.04674410820007324, 0.050907135009765625]
['barn spider', '2023-09-14T20:33:10.481269', 0.0040628910064697266, 0.05002284049987793, 0.054085731506347656]
['electric ray', '2023-09-14T20:33:14.723886', 0.003978252410888672, 0.059297800064086914, 0.06327605247497559]
['turnstile', '2023-09-14T20:33:18.894842', 0.0036020278930664062, 0.04758405685424805, 0.05118608474731445]
['steel arch bridge', '2023-09-14T20:33:23.073485', 0.0016210079193115234, 0.05893874168395996, 0.060559749603271484]
['knee pad', '2023-09-14T20:33:27.083900', 0.003869295120239258, 0.05891871452331543, 0.06278800964355469]
['potpie', '2023-09-14T20:33:31.165364', 0.003919839859008789, 0.0493159294128418, 0.053235769271850586]
['bulletproof vest', '2023-09-14T20:33:35.309397', 0.0038118362426757812, 0.05047035217285156, 0.054282188415527344]
['jinrikisha', '2023-09-14T20:33:39.302848', 0.004022836685180664, 0.04895758628845215, 0.05298042297363281]
['nematode', '2023-09-14T20:33:43.369834', 0.003914594650268555, 0.04973435401916504, 0.053648948669433594]
['albatross', '2023-09-14T20:33:51.428343', 0.0016257762908935547, 0.06047654151916504, 0.062102317810058594]
['guinea pig', '2023-09-14T20:33:55.545671', 0.0039751529693603516, 0.0601048469543457, 0.06407999992370605]
['trifle', '2023-09-14T20:33:59.731021', 0.004117250442504883, 0.06768608093261719, 0.07180333137512207]
['amphibian', '2023-09-14T20:34:03.767953', 0.003915309906005859, 0.04824376106262207, 0.05215907096862793]
['African elephant', '2023-09-14T20:34:07.825374', 0.0035576820373535156, 0.04787254333496094, 0.05143022537231445]
['hot pot', '2023-09-14T20:34:11.904445', 0.0038535594940185547, 0.04745960235595703, 0.051313161849975586]
['chain mail', '2023-09-14T20:34:16.108332', 0.0036308765411376953, 0.04733681678771973, 0.05096769332885742]
['maypole', '2023-09-14T20:34:20.292170', 0.0035037994384765625, 0.04773998260498047, 0.05124378204345703]
['rock python', '2023-09-14T20:34:24.389391', 0.003960609436035156, 0.047190189361572266, 0.05115079879760742]
['black grouse', '2023-09-14T20:34:28.454145', 0.003976345062255859, 0.05978655815124512, 0.06376290321350098]
['loupe', '2023-09-14T20:34:32.565259', 0.0038611888885498047, 0.0491487979888916, 0.053009986877441406]
['abaya', '2023-09-14T20:34:36.575435', 0.0025184154510498047, 0.053772687911987305, 0.05629110336303711]
['punching bag', '2023-09-14T20:34:40.600204', 0.0038433074951171875, 0.048334360122680664, 0.05217766761779785]
['fire screen', '2023-09-14T20:34:44.616291', 0.002267599105834961, 0.0474851131439209, 0.04975271224975586]
['plane', '2023-09-14T20:34:48.670798', 0.004252433776855469, 0.04994487762451172, 0.05419731140136719]
['neck brace', '2023-09-14T20:34:52.744490', 0.0034017562866210938, 0.04758143424987793, 0.05098319053649902]
['ox', '2023-09-14T20:34:56.891277', 0.003446817398071289, 0.05789637565612793, 0.06134319305419922]
['pirate', '2023-09-14T20:35:00.967912', 0.0035088062286376953, 0.0496218204498291, 0.0531306266784668]
['snorkel', '2023-09-14T20:35:05.079522', 0.004003047943115234, 0.059348106384277344, 0.06335115432739258]
['lemon', '2023-09-14T20:35:09.132836', 0.003952980041503906, 0.05000710487365723, 0.05396008491516113]
['Arabian camel', '2023-09-14T20:35:17.552705', 0.003820657730102539, 0.04912090301513672, 0.05294156074523926]
['espresso maker', '2023-09-14T20:35:21.707846', 0.002546072006225586, 0.056166887283325195, 0.05871295928955078]
['cocktail shaker', '2023-09-14T20:35:25.715306', 0.0035817623138427734, 0.04934859275817871, 0.052930355072021484]
['barn spider', '2023-09-14T20:35:29.799174', 0.004086494445800781, 0.05916118621826172, 0.0632476806640625]
['moving van', '2023-09-14T20:35:33.908486', 0.0035674571990966797, 0.04842424392700195, 0.05199170112609863]
['bearskin', '2023-09-14T20:35:37.919939', 0.0040760040283203125, 0.04770493507385254, 0.05178093910217285]
['cheetah', '2023-09-14T20:35:41.982013', 0.003945827484130859, 0.06464195251464844, 0.0685877799987793]
['barn spider', '2023-09-14T20:35:46.000232', 0.003906726837158203, 0.061450958251953125, 0.06535768508911133]
['chain mail', '2023-09-14T20:35:50.048906', 0.0038537979125976562, 0.05982160568237305, 0.0636754035949707]
['letter opener', '2023-09-14T20:35:54.109978', 0.004122018814086914, 0.05091261863708496, 0.055034637451171875]
['guinea pig', '2023-09-14T20:35:58.321438', 0.003960847854614258, 0.06051826477050781, 0.06447911262512207]
['hot pot', '2023-09-14T20:36:02.351286', 0.0037584304809570312, 0.06500720977783203, 0.06876564025878906]
['abaya', '2023-09-14T20:36:06.452383', 0.00308990478515625, 0.06066536903381348, 0.06375527381896973]
['police van', '2023-09-14T20:36:10.533843', 0.0040929317474365234, 0.049162864685058594, 0.05325579643249512]
['ping-pong ball', '2023-09-14T20:36:14.744239', 0.0037496089935302734, 0.049146413803100586, 0.05289602279663086]
['wok', '2023-09-14T20:36:18.898912', 0.0020837783813476562, 0.04820847511291504, 0.050292253494262695]
['European fire salamander', '2023-09-14T20:36:22.991578', 0.003899812698364258, 0.04975318908691406, 0.05365300178527832]
['thresher', '2023-09-14T20:36:27.069242', 0.004099130630493164, 0.049201011657714844, 0.05330014228820801]
['rock python', '2023-09-14T20:36:31.201577', 0.002080202102661133, 0.0744621753692627, 0.07654237747192383]
['whiskey jug', '2023-09-14T20:36:35.215881', 0.003833770751953125, 0.04988908767700195, 0.05372285842895508]
['stopwatch', '2023-09-14T20:36:39.245580', 0.003826141357421875, 0.05142021179199219, 0.05524635314941406]
['water jug', '2023-09-14T20:36:43.283900', 0.0037889480590820312, 0.048406124114990234, 0.052195072174072266]
['barn spider', '2023-09-14T20:36:47.336869', 0.003943920135498047, 0.050872802734375, 0.05481672286987305]
['gondola', '2023-09-14T20:36:51.423929', 0.002295255661010742, 0.06366515159606934, 0.06596040725708008]
['spiny lobster', '2023-09-14T20:36:55.519461', 0.003640890121459961, 0.05004477500915527, 0.053685665130615234]
['vine snake', '2023-09-14T20:36:59.584312', 0.002743244171142578, 0.04727673530578613, 0.05001997947692871]
['snorkel', '2023-09-14T20:37:03.698292', 0.002394437789916992, 0.06014060974121094, 0.06253504753112793]
['shoji', '2023-09-14T20:37:07.717397', 0.003209352493286133, 0.04651308059692383, 0.04972243309020996]
['vine snake', '2023-09-14T20:37:11.919845', 0.0029153823852539062, 0.048256874084472656, 0.05117225646972656]
['whiskey jug', '2023-09-14T20:37:16.089715', 0.0019648075103759766, 0.048865318298339844, 0.05083012580871582]
['Norwegian elkhound', '2023-09-14T20:37:20.270659', 0.003890514373779297, 0.04914975166320801, 0.053040266036987305]
['tobacco shop', '2023-09-14T20:37:24.270298', 0.002865314483642578, 0.05707859992980957, 0.05994391441345215]
['brown bear', '2023-09-14T20:37:28.385758', 0.004021406173706055, 0.05964398384094238, 0.06366539001464844]
['pirate', '2023-09-14T20:37:32.528192', 0.003920316696166992, 0.049773216247558594, 0.053693532943725586]
['dugong', '2023-09-14T20:37:36.532151', 0.003915309906005859, 0.0612945556640625, 0.06520986557006836]
['rock python', '2023-09-14T20:37:40.624813', 0.003953695297241211, 0.05015087127685547, 0.05410456657409668]
['sax', '2023-09-14T20:37:44.637104', 0.003496408462524414, 0.0623929500579834, 0.06588935852050781]
['spaghetti squash', '2023-09-14T20:37:48.705814', 0.0020368099212646484, 0.04812502861022949, 0.05016183853149414]
['military uniform', '2023-09-14T20:37:52.794697', 0.002844572067260742, 0.04907941818237305, 0.05192399024963379]
['bulletproof vest', '2023-09-14T20:37:56.980894', 0.004249095916748047, 0.05071234703063965, 0.054961442947387695]
['clog', '2023-09-14T20:38:01.012596', 0.003937482833862305, 0.05031013488769531, 0.05424761772155762]
['can opener', '2023-09-14T20:38:05.112492', 0.003801107406616211, 0.05241203308105469, 0.0562131404876709]
['moving van', '2023-09-14T20:38:09.192851', 0.00410151481628418, 0.050658226013183594, 0.05475974082946777]
['bell pepper', '2023-09-14T20:38:13.414107', 0.0018062591552734375, 0.0687246322631836, 0.07053089141845703]
['orange', '2023-09-14T20:38:17.581274', 0.003996133804321289, 0.060616493225097656, 0.06461262702941895]
['overskirt', '2023-09-14T20:38:21.703831', 0.002368450164794922, 0.05999898910522461, 0.06236743927001953]
['Sussex spaniel', '2023-09-14T20:38:25.767192', 0.003917217254638672, 0.050110816955566406, 0.05402803421020508]
['red-breasted merganser', '2023-09-14T20:38:29.907023', 0.0021674633026123047, 0.058196306228637695, 0.06036376953125]
['abaya', '2023-09-14T20:38:33.916482', 0.0019381046295166016, 0.057843685150146484, 0.059781789779663086]
['tank', '2023-09-14T20:38:37.941514', 0.0023033618927001953, 0.05922555923461914, 0.061528921127319336]
['hand-held computer', '2023-09-14T20:38:41.984283', 0.003864765167236328, 0.050086259841918945, 0.05395102500915527]
['chain mail', '2023-09-14T20:38:46.037170', 0.0041348934173583984, 0.057962656021118164, 0.06209754943847656]
['waffle iron', '2023-09-14T20:38:50.147910', 0.0038857460021972656, 0.048919677734375, 0.052805423736572266]
['espresso maker', '2023-09-14T20:38:54.241341', 0.003591299057006836, 0.062425851821899414, 0.06601715087890625]
['coral reef', '2023-09-14T20:38:58.317581', 0.003972530364990234, 0.04951739311218262, 0.05348992347717285]
['oboe', '2023-09-14T20:39:02.448439', 0.0038557052612304688, 0.0478825569152832, 0.05173826217651367]
['overskirt', '2023-09-14T20:39:06.479540', 0.004015684127807617, 0.06014823913574219, 0.0641639232635498]
['maypole', '2023-09-14T20:39:10.751229', 0.003873109817504883, 0.04959559440612793, 0.05346870422363281]
['digital watch', '2023-09-14T20:39:14.923989', 0.0028879642486572266, 0.047328948974609375, 0.0502169132232666]
['spaghetti squash', '2023-09-14T20:39:19.110196', 0.003972053527832031, 0.06375646591186523, 0.06772851943969727]
['fox squirrel', '2023-09-14T20:39:23.126258', 0.003945112228393555, 0.05924034118652344, 0.06318545341491699]
['German short-haired pointer', '2023-09-14T20:39:27.214677', 0.003915548324584961, 0.047864675521850586, 0.05178022384643555]
['damselfly', '2023-09-14T20:39:31.359319', 0.003094196319580078, 0.05959796905517578, 0.06269216537475586]
['ear', '2023-09-14T20:39:35.360195', 0.0030896663665771484, 0.06864428520202637, 0.07173395156860352]
['overskirt', '2023-09-14T20:39:39.447971', 0.003430604934692383, 0.04824185371398926, 0.05167245864868164]
['patas', '2023-09-14T20:39:43.467181', 0.0015816688537597656, 0.0576624870300293, 0.05924415588378906]
['bulletproof vest', '2023-09-14T20:39:47.516764', 0.0038597583770751953, 0.04967689514160156, 0.05353665351867676]
['fox squirrel', '2023-09-14T20:39:51.604221', 0.0037832260131835938, 0.04949951171875, 0.053282737731933594]
['consomme', '2023-09-14T20:39:55.780720', 0.0025691986083984375, 0.06568765640258789, 0.06825685501098633]
['maillot tank suit', '2023-09-14T20:39:59.816676', 0.0038666725158691406, 0.05915570259094238, 0.06302237510681152]
['bulletproof vest', '2023-09-14T20:40:03.908997', 0.0038521289825439453, 0.0494847297668457, 0.05333685874938965]
['mobile home', '2023-09-14T20:40:07.988198', 0.0038661956787109375, 0.048410654067993164, 0.0522768497467041]
['dining table', '2023-09-14T20:40:12.204402', 0.0038967132568359375, 0.04799652099609375, 0.05189323425292969]
['sunglass', '2023-09-14T20:40:16.392278', 0.0035223960876464844, 0.048117876052856445, 0.05164027214050293]
['typewriter keyboard', '2023-09-14T20:40:20.486295', 0.0032358169555664062, 0.060692787170410156, 0.06392860412597656]
['jinrikisha', '2023-09-14T20:40:24.547808', 0.003641366958618164, 0.062050580978393555, 0.06569194793701172]
['Egyptian cat', '2023-09-14T20:40:28.657807', 0.0036563873291015625, 0.051741838455200195, 0.05539822578430176]
['passenger car', '2023-09-14T20:40:32.691439', 0.003926277160644531, 0.06065797805786133, 0.06458425521850586]
['pretzel', '2023-09-14T20:40:36.711239', 0.0032761096954345703, 0.04882073402404785, 0.05209684371948242]
['axolotl', '2023-09-14T20:40:40.728560', 0.0036911964416503906, 0.05145907402038574, 0.05515027046203613]
['coral reef', '2023-09-14T20:40:44.779655', 0.0023734569549560547, 0.05084800720214844, 0.05322146415710449]
['beaker', '2023-09-14T20:40:48.859824', 0.003566265106201172, 0.04800271987915039, 0.05156898498535156]
['altar', '2023-09-14T20:40:52.954472', 0.004144906997680664, 0.05997061729431152, 0.06411552429199219]
['barn spider', '2023-09-14T20:41:01.119519', 0.0038280487060546875, 0.05758357048034668, 0.06141161918640137]
['breastplate', '2023-09-14T20:41:05.165469', 0.0020084381103515625, 0.06192898750305176, 0.06393742561340332]
['planetarium', '2023-09-14T20:41:09.439927', 0.003242015838623047, 0.047202110290527344, 0.05044412612915039]
['megalith', '2023-09-14T20:41:13.625165', 0.003468751907348633, 0.04984760284423828, 0.053316354751586914]
['rock python', '2023-09-14T20:41:17.781848', 0.003859996795654297, 0.0491640567779541, 0.0530240535736084]
['tobacco shop', '2023-09-14T20:41:21.784502', 0.003209352493286133, 0.05906844139099121, 0.062277793884277344]
['oil filter', '2023-09-14T20:41:29.972288', 0.0027740001678466797, 0.04897594451904297, 0.05174994468688965]
['fox squirrel', '2023-09-14T20:41:33.965182', 0.0033500194549560547, 0.04833698272705078, 0.051687002182006836]
['umbrella', '2023-09-14T20:41:38.022252', 0.003530263900756836, 0.07083702087402344, 0.07436728477478027]
['Kerry blue terrier', '2023-09-14T20:41:42.039503', 0.003938436508178711, 0.05810403823852539, 0.0620424747467041]
['maypole', '2023-09-14T20:41:50.154488', 0.002057790756225586, 0.061939239501953125, 0.06399703025817871]
['fox squirrel', '2023-09-14T20:41:54.365392', 0.0023441314697265625, 0.050867557525634766, 0.05321168899536133]
['cheetah', '2023-09-14T20:41:58.388094', 0.0035676956176757812, 0.060860633850097656, 0.06442832946777344]
['throne', '2023-09-14T20:42:02.464485', 0.003832101821899414, 0.048387765884399414, 0.05221986770629883]
['rotisserie', '2023-09-14T20:42:06.545148', 0.00383758544921875, 0.0503997802734375, 0.05423736572265625]
['broccoli', '2023-09-14T20:42:10.761095', 0.002427339553833008, 0.05884218215942383, 0.061269521713256836]
['birdhouse', '2023-09-14T20:42:14.921576', 0.00418400764465332, 0.06058526039123535, 0.06476926803588867]
['maraca', '2023-09-14T20:42:19.041194', 0.004302024841308594, 0.06043362617492676, 0.06473565101623535]
['grey whale', '2023-09-14T20:42:23.141312', 0.003904581069946289, 0.05190134048461914, 0.05580592155456543]
['sea cucumber', '2023-09-14T20:42:27.240370', 0.002054929733276367, 0.07702112197875977, 0.07907605171203613]
['screen', '2023-09-14T20:42:31.291982', 0.003915548324584961, 0.04874253273010254, 0.0526580810546875]
['spaghetti squash', '2023-09-14T20:42:35.317596', 0.003735065460205078, 0.04783940315246582, 0.0515744686126709]
['barn spider', '2023-09-14T20:42:39.317334', 0.0038995742797851562, 0.049649715423583984, 0.05354928970336914]
['whistle', '2023-09-14T20:42:43.396201', 0.003833770751953125, 0.048108816146850586, 0.05194258689880371]
['gyromitra', '2023-09-14T20:42:47.464894', 0.0024118423461914062, 0.05634570121765137, 0.05875754356384277]
['leopard', '2023-09-14T20:42:51.556455', 0.004175424575805664, 0.05989432334899902, 0.06406974792480469]
['spotted salamander', '2023-09-14T20:42:55.612872', 0.002864837646484375, 0.0581662654876709, 0.06103110313415527]
['meat loaf', '2023-09-14T20:42:59.727090', 0.0028641223907470703, 0.060579776763916016, 0.06344389915466309]
['lipstick', '2023-09-14T20:43:03.761078', 0.004018306732177734, 0.0617220401763916, 0.06574034690856934]
['beacon', '2023-09-14T20:43:07.968892', 0.002264261245727539, 0.04806661605834961, 0.05033087730407715]
['punching bag', '2023-09-14T20:43:12.164349', 0.002107858657836914, 0.05798220634460449, 0.060090065002441406]
['mobile home', '2023-09-14T20:43:16.331828', 0.0038280487060546875, 0.04910731315612793, 0.05293536186218262]
['vine snake', '2023-09-14T20:43:20.330426', 0.003238201141357422, 0.04763031005859375, 0.05086851119995117]
['fox squirrel', '2023-09-14T20:43:24.441700', 0.0029811859130859375, 0.057630062103271484, 0.06061124801635742]
['fire screen', '2023-09-14T20:43:28.560862', 0.003977298736572266, 0.05874013900756836, 0.06271743774414062]
['nail', '2023-09-14T20:43:32.559035', 0.0034503936767578125, 0.059567928314208984, 0.0630183219909668]
['chain', '2023-09-14T20:43:36.620391', 0.00394129753112793, 0.04876232147216797, 0.0527036190032959]
['overskirt', '2023-09-14T20:43:40.625827', 0.002563953399658203, 0.05937027931213379, 0.06193423271179199]
['dingo', '2023-09-14T20:43:44.701462', 0.003820657730102539, 0.0493009090423584, 0.05312156677246094]
['chiton', '2023-09-14T20:43:48.763623', 0.00391387939453125, 0.05004429817199707, 0.05395817756652832]
["potter's wheel", '2023-09-14T20:43:52.950088', 0.003947734832763672, 0.048956871032714844, 0.052904605865478516]
['wild boar', '2023-09-14T20:43:56.981132', 0.003936290740966797, 0.05036520957946777, 0.05430150032043457]
['brown bear', '2023-09-14T20:44:01.031315', 0.0033693313598632812, 0.05878949165344238, 0.062158823013305664]
['tobacco shop', '2023-09-14T20:44:05.116625', 0.0038671493530273438, 0.05048489570617676, 0.0543520450592041]
['meat loaf', '2023-09-14T20:44:09.325086', 0.0036182403564453125, 0.05842304229736328, 0.062041282653808594]
['sax', '2023-09-14T20:44:13.485265', 0.0038411617279052734, 0.04809212684631348, 0.05193328857421875]
['typewriter keyboard', '2023-09-14T20:44:17.604046', 0.0036656856536865234, 0.05861401557922363, 0.062279701232910156]
['whiskey jug', '2023-09-14T20:44:21.670487', 0.003506898880004883, 0.047232627868652344, 0.05073952674865723]
['screen', '2023-09-14T20:44:25.834130', 0.0037834644317626953, 0.05759882926940918, 0.061382293701171875]
['moving van', '2023-09-14T20:44:29.857407', 0.003923654556274414, 0.05097150802612305, 0.05489516258239746]
['barn spider', '2023-09-14T20:44:33.889854', 0.0037355422973632812, 0.05038738250732422, 0.0541229248046875]
['komondor', '2023-09-14T20:44:37.923521', 0.0029654502868652344, 0.04845428466796875, 0.051419734954833984]
['safety pin', '2023-09-14T20:44:41.976620', 0.003601551055908203, 0.0499577522277832, 0.053559303283691406]
['thatch', '2023-09-14T20:44:46.068810', 0.00348663330078125, 0.061582326889038086, 0.06506896018981934]
['drilling platform', '2023-09-14T20:44:50.156708', 0.003793001174926758, 0.04944610595703125, 0.05323910713195801]
['hognose snake', '2023-09-14T20:44:54.231143', 0.001596212387084961, 0.05742478370666504, 0.05902099609375]
['spaghetti squash', '2023-09-14T20:44:58.365240', 0.0040280818939208984, 0.06101274490356445, 0.06504082679748535]
['magnetic compass', '2023-09-14T20:45:02.400955', 0.0037145614624023438, 0.05147433280944824, 0.055188894271850586]
['cougar', '2023-09-14T20:45:06.672338', 0.0036683082580566406, 0.049079179763793945, 0.052747488021850586]
['redbone', '2023-09-14T20:45:10.856464', 0.0018870830535888672, 0.06052350997924805, 0.062410593032836914]
['brown bear', '2023-09-14T20:45:15.021869', 0.0038208961486816406, 0.04867219924926758, 0.05249309539794922]
['acorn', '2023-09-14T20:45:19.017425', 0.004183769226074219, 0.04953265190124512, 0.053716421127319336]
['sports car', '2023-09-14T20:45:23.104635', 0.0036728382110595703, 0.04793739318847656, 0.05161023139953613]
['freight car', '2023-09-14T20:45:27.247251', 0.0040318965911865234, 0.05895829200744629, 0.06299018859863281]
['pickelhaube', '2023-09-14T20:45:31.240961', 0.002742767333984375, 0.06815528869628906, 0.07089805603027344]
["potter's wheel", '2023-09-14T20:45:35.329777', 0.0020818710327148438, 0.04939675331115723, 0.05147862434387207]
['triumphal arch', '2023-09-14T20:45:39.355325', 0.003580808639526367, 0.04883074760437012, 0.052411556243896484]
['barn spider', '2023-09-14T20:45:43.397734', 0.00395512580871582, 0.05699801445007324, 0.06095314025878906]
['German short-haired pointer', '2023-09-14T20:45:47.441580', 0.0036389827728271484, 0.05015158653259277, 0.05379056930541992]
['throne', '2023-09-14T20:45:51.650691', 0.0037615299224853516, 0.06120419502258301, 0.06496572494506836]
['Kerry blue terrier', '2023-09-14T20:45:55.669647', 0.0021369457244873047, 0.058806419372558594, 0.0609433650970459]
['black stork', '2023-09-14T20:45:59.733262', 0.002991914749145508, 0.05710148811340332, 0.06009340286254883]
['chain saw', '2023-09-14T20:46:03.802809', 0.003928184509277344, 0.049460649490356445, 0.05338883399963379]
['promontory', '2023-09-14T20:46:08.040827', 0.0027899742126464844, 0.047637939453125, 0.050427913665771484]
['plate rack', '2023-09-14T20:46:12.228075', 0.0034956932067871094, 0.049851417541503906, 0.053347110748291016]
['teddy', '2023-09-14T20:46:16.323259', 0.003957986831665039, 0.05786252021789551, 0.06182050704956055]
['isopod', '2023-09-14T20:46:20.389291', 0.003840923309326172, 0.048453569412231445, 0.05229449272155762]
['electric ray', '2023-09-14T20:46:24.487298', 0.0017592906951904297, 0.0636296272277832, 0.06538891792297363]
['spotted salamander', '2023-09-14T20:46:28.513111', 0.003790140151977539, 0.047652244567871094, 0.05144238471984863]
['tobacco shop', '2023-09-14T20:46:32.532564', 0.004041433334350586, 0.04798483848571777, 0.05202627182006836]
['overskirt', '2023-09-14T20:46:36.547427', 0.0024330615997314453, 0.04684782028198242, 0.04928088188171387]
['triceratops', '2023-09-14T20:46:40.600076', 0.0039119720458984375, 0.04841947555541992, 0.05233144760131836]
['isopod', '2023-09-14T20:46:44.683974', 0.004048347473144531, 0.05918741226196289, 0.06323575973510742]
['ladybug', '2023-09-14T20:46:48.800693', 0.0025177001953125, 0.046936750411987305, 0.049454450607299805]
['fox squirrel', '2023-09-14T20:46:52.862151', 0.0018787384033203125, 0.05357027053833008, 0.05544900894165039]
['barrel', '2023-09-14T20:46:56.999444', 0.002691984176635742, 0.047841787338256836, 0.05053377151489258]
['worm fence', '2023-09-14T20:47:01.016381', 0.0017178058624267578, 0.07918596267700195, 0.08090376853942871]
['American lobster', '2023-09-14T20:47:05.229495', 0.003740549087524414, 0.052704811096191406, 0.05644536018371582]
['hot pot', '2023-09-14T20:47:09.435406', 0.0023980140686035156, 0.04995560646057129, 0.052353620529174805]
['hen-of-the-woods', '2023-09-14T20:47:13.592129', 0.003887176513671875, 0.048093557357788086, 0.05198073387145996]
['oxcart', '2023-09-14T20:47:17.587196', 0.003764629364013672, 0.05811953544616699, 0.061884164810180664]
['thresher', '2023-09-14T20:47:21.675731', 0.0035185813903808594, 0.05035829544067383, 0.05387687683105469]
['thresher', '2023-09-14T20:47:25.784582', 0.001583099365234375, 0.04725217819213867, 0.04883527755737305]
['overskirt', '2023-09-14T20:47:29.802395', 0.003391742706298828, 0.04665088653564453, 0.05004262924194336]
['tobacco shop', '2023-09-14T20:47:33.866886', 0.003952980041503906, 0.04812049865722656, 0.05207347869873047]
['teddy', '2023-09-14T20:47:37.873002', 0.003866910934448242, 0.05773305892944336, 0.0615999698638916]
['police van', '2023-09-14T20:47:41.921874', 0.003567218780517578, 0.06322145462036133, 0.0667886734008789]
['safety pin', '2023-09-14T20:47:46.013528', 0.003981113433837891, 0.05173373222351074, 0.05571484565734863]
['prayer rug', '2023-09-14T20:47:50.200053', 0.003840208053588867, 0.047840118408203125, 0.05168032646179199]
['dogsled', '2023-09-14T20:47:54.231173', 0.0038411617279052734, 0.04933786392211914, 0.053179025650024414]
['space heater', '2023-09-14T20:47:58.349954', 0.002080678939819336, 0.04744768142700195, 0.04952836036682129]
['isopod', '2023-09-14T20:48:02.430942', 0.003863096237182617, 0.04853081703186035, 0.05239391326904297]
['throne', '2023-09-14T20:48:06.663953', 0.0015420913696289062, 0.047698020935058594, 0.0492401123046875]
['snorkel', '2023-09-14T20:48:10.804312', 0.0034410953521728516, 0.04598236083984375, 0.0494234561920166]
['monastery', '2023-09-14T20:48:14.909207', 0.003617525100708008, 0.05022597312927246, 0.05384349822998047]
['Irish water spaniel', '2023-09-14T20:48:18.962822', 0.0023436546325683594, 0.05798625946044922, 0.06032991409301758]
['hot pot', '2023-09-14T20:48:23.091514', 0.003221273422241211, 0.06725454330444336, 0.07047581672668457]
['bannister', '2023-09-14T20:48:27.101762', 0.0020689964294433594, 0.052276611328125, 0.05434560775756836]
['head cabbage', '2023-09-14T20:48:31.152638', 0.0034606456756591797, 0.049785614013671875, 0.053246259689331055]
['book jacket', '2023-09-14T20:48:35.169107', 0.0026884078979492188, 0.04657244682312012, 0.049260854721069336]
['lakeside', '2023-09-14T20:48:39.215760', 0.0038666725158691406, 0.04617047309875488, 0.05003714561462402]
['coral reef', '2023-09-14T20:48:43.298282', 0.0023322105407714844, 0.05965113639831543, 0.061983346939086914]
['rock python', '2023-09-14T20:48:47.389333', 0.003449678421020508, 0.05816340446472168, 0.06161308288574219]
['vine snake', '2023-09-14T20:48:51.493083', 0.003973722457885742, 0.061380624771118164, 0.0653543472290039]
['patio', '2023-09-14T20:48:55.595660', 0.00396728515625, 0.048127174377441406, 0.052094459533691406]
['lakeside', '2023-09-14T20:48:59.626461', 0.0016210079193115234, 0.060022592544555664, 0.06164360046386719]
['hot pot', '2023-09-14T20:49:03.877771', 0.0035185813903808594, 0.04998373985290527, 0.05350232124328613]
['barometer', '2023-09-14T20:49:08.043635', 0.0025987625122070312, 0.05840158462524414, 0.06100034713745117]
['Windsor tie', '2023-09-14T20:49:12.204916', 0.0039904117584228516, 0.054914236068725586, 0.05890464782714844]
['barometer', '2023-09-14T20:49:16.202610', 0.0028688907623291016, 0.04877161979675293, 0.05164051055908203]
['theater curtain', '2023-09-14T20:49:20.316293', 0.003802061080932617, 0.04847216606140137, 0.052274227142333984]
['chain saw', '2023-09-14T20:49:24.436956', 0.0040628910064697266, 0.0597987174987793, 0.06386160850524902]
['lion', '2023-09-14T20:49:28.453371', 0.002971649169921875, 0.048130035400390625, 0.0511016845703125]
['screen', '2023-09-14T20:49:36.527091', 0.0039386749267578125, 0.06091904640197754, 0.06485772132873535]
['rotisserie', '2023-09-14T20:49:40.574558', 0.004019498825073242, 0.06036210060119629, 0.06438159942626953]
['baboon', '2023-09-14T20:49:44.640730', 0.004175424575805664, 0.060204267501831055, 0.06437969207763672]
['thimble', '2023-09-14T20:49:48.823216', 0.0027315616607666016, 0.04821610450744629, 0.05094766616821289]
['bolo tie', '2023-09-14T20:49:52.850348', 0.0014941692352294922, 0.07645511627197266, 0.07794928550720215]
['barn spider', '2023-09-14T20:49:56.917641', 0.00193023681640625, 0.04880952835083008, 0.05073976516723633]
['fig', '2023-09-14T20:50:01.009017', 0.002492666244506836, 0.059925079345703125, 0.06241774559020996]
['brain coral', '2023-09-14T20:50:05.225688', 0.003845691680908203, 0.04987072944641113, 0.053716421127319336]
['platypus', '2023-09-14T20:50:09.376202', 0.002403736114501953, 0.05846095085144043, 0.06086468696594238]
['drilling platform', '2023-09-14T20:50:13.501242', 0.0034313201904296875, 0.05453968048095703, 0.05797100067138672]
['chain', '2023-09-14T20:50:17.574583', 0.003958702087402344, 0.05961203575134277, 0.06357073783874512]
['can opener', '2023-09-14T20:50:21.681737', 0.003404378890991211, 0.047280311584472656, 0.05068469047546387]
['impala', '2023-09-14T20:50:25.708346', 0.0039014816284179688, 0.05907392501831055, 0.06297540664672852]
['nipple', '2023-09-14T20:50:29.721950', 0.002991199493408203, 0.04739522933959961, 0.05038642883300781]
['tobacco shop', '2023-09-14T20:50:33.743914', 0.003851175308227539, 0.04882240295410156, 0.0526735782623291]
['fox squirrel', '2023-09-14T20:50:37.797372', 0.0040514469146728516, 0.05801510810852051, 0.06206655502319336]
['ladybug', '2023-09-14T20:50:41.884492', 0.003828763961791992, 0.04819631576538086, 0.05202507972717285]
['overskirt', '2023-09-14T20:50:45.981969', 0.0041086673736572266, 0.049729108810424805, 0.05383777618408203]
['ice cream', '2023-09-14T20:50:50.054242', 0.002895355224609375, 0.04753470420837402, 0.0504300594329834]
['redbone', '2023-09-14T20:50:54.160469', 0.003815889358520508, 0.04757976531982422, 0.05139565467834473]
['academic gown', '2023-09-14T20:51:02.414332', 0.004517555236816406, 0.04944181442260742, 0.05395936965942383]
['thunder snake', '2023-09-14T20:51:06.597368', 0.0038611888885498047, 0.04869890213012695, 0.05256009101867676]
['freight car', '2023-09-14T20:51:10.755609', 0.00395965576171875, 0.05873870849609375, 0.0626983642578125]
['barn spider', '2023-09-14T20:51:14.765953', 0.0022585391998291016, 0.06493163108825684, 0.06719017028808594]
['jinrikisha', '2023-09-14T20:51:18.835675', 0.002348184585571289, 0.0486147403717041, 0.05096292495727539]
['shoji', '2023-09-14T20:51:22.961268', 0.0038971900939941406, 0.05019545555114746, 0.0540926456451416]
['kimono', '2023-09-14T20:51:26.952300', 0.0023462772369384766, 0.06116628646850586, 0.06351256370544434]
['maraca', '2023-09-14T20:51:31.020889', 0.0034942626953125, 0.061513662338256836, 0.06500792503356934]
['gondola', '2023-09-14T20:51:35.040010', 0.003207683563232422, 0.06863212585449219, 0.07183980941772461]
['milk can', '2023-09-14T20:51:39.086753', 0.0022912025451660156, 0.04700040817260742, 0.04929161071777344]
['maypole', '2023-09-14T20:51:43.172943', 0.002380847930908203, 0.05155372619628906, 0.053934574127197266]
['lemon', '2023-09-14T20:51:47.364165', 0.0035009384155273438, 0.0486750602722168, 0.05217599868774414]
['oboe', '2023-09-14T20:51:51.391700', 0.002452373504638672, 0.058200836181640625, 0.0606532096862793]
['tailed frog', '2023-09-14T20:51:55.464559', 0.0037708282470703125, 0.060253143310546875, 0.06402397155761719]
['bison', '2023-09-14T20:51:59.541400', 0.003968238830566406, 0.061246395111083984, 0.06521463394165039]
['gondola', '2023-09-14T20:52:03.778298', 0.001569509506225586, 0.06119537353515625, 0.06276488304138184]
['barn', '2023-09-14T20:52:07.941341', 0.003964424133300781, 0.06043195724487305, 0.06439638137817383]
['thresher', '2023-09-14T20:52:12.024820', 0.0034034252166748047, 0.06037259101867676, 0.06377601623535156]
['panpipe', '2023-09-14T20:52:16.096096', 0.0038385391235351562, 0.050481319427490234, 0.05431985855102539]
['diaper', '2023-09-14T20:52:24.231204', 0.0028264522552490234, 0.05898928642272949, 0.061815738677978516]
['eggnog', '2023-09-14T20:52:28.264920', 0.0037603378295898438, 0.05056405067443848, 0.05432438850402832]
['lotion', '2023-09-14T20:52:32.300478', 0.003453969955444336, 0.04798531532287598, 0.05143928527832031]
['bison', '2023-09-14T20:52:36.342313', 0.0015544891357421875, 0.06072592735290527, 0.06228041648864746]
['throne', '2023-09-14T20:52:40.453338', 0.0038497447967529297, 0.047569990158081055, 0.051419734954833984]
['triumphal arch', '2023-09-14T20:52:44.555084', 0.0026938915252685547, 0.04698801040649414, 0.049681901931762695]
['bell pepper', '2023-09-14T20:52:48.629180', 0.0023059844970703125, 0.04809308052062988, 0.050399065017700195]
['plate rack', '2023-09-14T20:52:52.736370', 0.003425121307373047, 0.04902839660644531, 0.05245351791381836]
['half track', '2023-09-14T20:52:56.752831', 0.0019409656524658203, 0.054471731185913086, 0.056412696838378906]
['entertainment center', '2023-09-14T20:53:00.971211', 0.0036916732788085938, 0.05987143516540527, 0.06356310844421387]
['eggnog', '2023-09-14T20:53:05.154120', 0.0020956993103027344, 0.05883431434631348, 0.06093001365661621]
['space shuttle', '2023-09-14T20:53:09.311196', 0.003972291946411133, 0.06057024002075195, 0.06454253196716309]
['Egyptian cat', '2023-09-14T20:53:13.314713', 0.0038347244262695312, 0.05000638961791992, 0.05384111404418945]
['jersey', '2023-09-14T20:53:17.388856', 0.001817941665649414, 0.04893326759338379, 0.0507512092590332]
['grey whale', '2023-09-14T20:53:21.516241', 0.003842592239379883, 0.049575090408325195, 0.05341768264770508]
['redbone', '2023-09-14T20:53:25.504426', 0.0024900436401367188, 0.05634617805480957, 0.05883622169494629]
['drilling platform', '2023-09-14T20:53:29.586507', 0.0030143260955810547, 0.047659873962402344, 0.0506742000579834]
['seashore', '2023-09-14T20:53:33.604464', 0.003827810287475586, 0.04919123649597168, 0.053019046783447266]
['clog', '2023-09-14T20:53:37.632191', 0.0030798912048339844, 0.04992485046386719, 0.05300474166870117]
['Labrador retriever', '2023-09-14T20:53:41.725150', 0.0031452178955078125, 0.06046152114868164, 0.06360673904418945]
['brain coral', '2023-09-14T20:53:45.913730', 0.0036351680755615234, 0.05667424201965332, 0.060309410095214844]
['overskirt', '2023-09-14T20:53:49.961163', 0.002191781997680664, 0.05863523483276367, 0.060827016830444336]
['comic book', '2023-09-14T20:53:54.059104', 0.004117727279663086, 0.059629201889038086, 0.06374692916870117]
['tailed frog', '2023-09-14T20:53:58.128441', 0.0017020702362060547, 0.06105995178222656, 0.06276202201843262]
['panpipe', '2023-09-14T20:54:02.332668', 0.0028116703033447266, 0.04858875274658203, 0.05140042304992676]
['moving van', '2023-09-14T20:54:06.484070', 0.0036885738372802734, 0.04950380325317383, 0.0531923770904541]
['muzzle', '2023-09-14T20:54:10.572190', 0.003503084182739258, 0.04874014854431152, 0.05224323272705078]
['jinrikisha', '2023-09-14T20:54:14.639618', 0.0017464160919189453, 0.046835899353027344, 0.04858231544494629]
['pick', '2023-09-14T20:54:18.757221', 0.0038878917694091797, 0.04951763153076172, 0.0534055233001709]
['croquet ball', '2023-09-14T20:54:22.778436', 0.0040667057037353516, 0.05005693435668945, 0.054123640060424805]
['ant', '2023-09-14T20:54:26.803852', 0.002962350845336914, 0.04817628860473633, 0.05113863945007324]
['academic gown', '2023-09-14T20:54:30.820618', 0.003983736038208008, 0.05096125602722168, 0.05494499206542969]
['punching bag', '2023-09-14T20:54:34.885730', 0.003103017807006836, 0.04892444610595703, 0.05202746391296387]
['rock beauty', '2023-09-14T20:54:38.964600', 0.0031228065490722656, 0.05647134780883789, 0.059594154357910156]
['gondola', '2023-09-14T20:54:43.070960', 0.0017669200897216797, 0.07016134262084961, 0.07192826271057129]
['maillot tank suit', '2023-09-14T20:54:47.146545', 0.001665353775024414, 0.07281899452209473, 0.07448434829711914]
["potter's wheel", '2023-09-14T20:54:51.276351', 0.003923654556274414, 0.08004617691040039, 0.0839698314666748]
['oboe', '2023-09-14T20:54:55.310215', 0.003765583038330078, 0.06270456314086914, 0.06647014617919922]
['cassette player', '2023-09-14T20:54:59.545985', 0.003963470458984375, 0.06044125556945801, 0.06440472602844238]
['Norwegian elkhound', '2023-09-14T20:55:03.702906', 0.0018644332885742188, 0.08043241500854492, 0.08229684829711914]
['thresher', '2023-09-14T20:55:07.851754', 0.003034830093383789, 0.10303449630737305, 0.10606932640075684]
['bulletproof vest', '2023-09-14T20:55:11.854393', 0.001911163330078125, 0.08094239234924316, 0.08285355567932129]
['toy terrier', '2023-09-14T20:55:15.929004', 0.002621173858642578, 0.07736659049987793, 0.07998776435852051]
['Mexican hairless', '2023-09-14T20:55:20.056509', 0.0040950775146484375, 0.06091880798339844, 0.06501388549804688]
['komondor', '2023-09-14T20:55:24.043658', 0.002620220184326172, 0.061270713806152344, 0.06389093399047852]
['picket fence', '2023-09-14T20:55:28.111954', 0.003903627395629883, 0.06380367279052734, 0.06770730018615723]
['hand-held computer', '2023-09-14T20:55:32.143398', 0.004109382629394531, 0.06389904022216797, 0.0680084228515625]
['basketball', '2023-09-14T20:55:40.248017', 0.0038747787475585938, 0.04987764358520508, 0.05375242233276367]
['punching bag', '2023-09-14T20:55:44.432713', 0.00396418571472168, 0.06124162673950195, 0.06520581245422363]
['power drill', '2023-09-14T20:55:48.468480', 0.0036253929138183594, 0.04980325698852539, 0.05342864990234375]
['fire engine', '2023-09-14T20:55:52.541312', 0.003963947296142578, 0.05309152603149414, 0.05705547332763672]
['thresher', '2023-09-14T20:55:56.627566', 0.0022535324096679688, 0.05785012245178223, 0.060103654861450195]
['organ', '2023-09-14T20:56:00.839455', 0.004107475280761719, 0.05983591079711914, 0.06394338607788086]
['meat loaf', '2023-09-14T20:56:05.012278', 0.0028755664825439453, 0.06138873100280762, 0.06426429748535156]
['sombrero', '2023-09-14T20:56:09.114155', 0.0020787715911865234, 0.04802584648132324, 0.050104618072509766]
['agaric', '2023-09-14T20:56:13.189154', 0.004103183746337891, 0.06074881553649902, 0.06485199928283691]
['mobile home', '2023-09-14T20:56:17.274514', 0.0017435550689697266, 0.058199167251586914, 0.05994272232055664]
['steel arch bridge', '2023-09-14T20:56:21.285165', 0.002950906753540039, 0.04816865921020508, 0.05111956596374512]
['sloth bear', '2023-09-14T20:56:25.299316', 0.004036664962768555, 0.06043672561645508, 0.06447339057922363]
['school bus', '2023-09-14T20:56:29.308582', 0.003912448883056641, 0.04973006248474121, 0.05364251136779785]
['clog', '2023-09-14T20:56:33.353430', 0.003652334213256836, 0.06258630752563477, 0.0662386417388916]
['gazelle', '2023-09-14T20:56:37.463785', 0.003963470458984375, 0.06739354133605957, 0.07135701179504395]
['hog', '2023-09-14T20:56:41.552624', 0.004045963287353516, 0.047354698181152344, 0.05140066146850586]
['dam', '2023-09-14T20:56:45.651430', 0.0036749839782714844, 0.04923415184020996, 0.052909135818481445]
['bulletproof vest', '2023-09-14T20:56:49.770207', 0.004024505615234375, 0.06091713905334473, 0.0649416446685791]
['Bedlington terrier', '2023-09-14T20:56:53.802316', 0.0039899349212646484, 0.049181222915649414, 0.05317115783691406]
['lesser panda', '2023-09-14T20:57:02.196425', 0.003940582275390625, 0.059861183166503906, 0.06380176544189453]
['maillot tank suit', '2023-09-14T20:57:06.375990', 0.0026373863220214844, 0.049479007720947266, 0.05211639404296875]
['fire screen', '2023-09-14T20:57:10.385838', 0.0035305023193359375, 0.05832338333129883, 0.061853885650634766]
['maze', '2023-09-14T20:57:14.490284', 0.0037102699279785156, 0.04817509651184082, 0.051885366439819336]
['spaghetti squash', '2023-09-14T20:57:18.640574', 0.003999471664428711, 0.05301213264465332, 0.05701160430908203]
['convertible', '2023-09-14T20:57:22.643228', 0.0040776729583740234, 0.04882454872131348, 0.0529022216796875]
['spotlight', '2023-09-14T20:57:26.712246', 0.002957582473754883, 0.05863237380981445, 0.061589956283569336]
['torch', '2023-09-14T20:57:30.715813', 0.0031280517578125, 0.04813528060913086, 0.05126333236694336]
['jaguar', '2023-09-14T20:57:34.764535', 0.0039598941802978516, 0.05060291290283203, 0.05456280708312988]
['overskirt', '2023-09-14T20:57:38.811288', 0.0017087459564208984, 0.07558512687683105, 0.07729387283325195]
['fire screen', '2023-09-14T20:57:43.002965', 0.0036225318908691406, 0.057396888732910156, 0.0610194206237793]
['chain mail', '2023-09-14T20:57:47.020702', 0.003284931182861328, 0.06295657157897949, 0.06624150276184082]
['maypole', '2023-09-14T20:57:51.084425', 0.0019402503967285156, 0.050750017166137695, 0.05269026756286621]
['barometer', '2023-09-14T20:57:55.159079', 0.0016710758209228516, 0.07355260848999023, 0.07522368431091309]
['gyromitra', '2023-09-14T20:57:59.396107', 0.0029654502868652344, 0.08090758323669434, 0.08387303352355957]
['neck brace', '2023-09-14T20:58:03.554340', 0.004240751266479492, 0.049376726150512695, 0.05361747741699219]
['punching bag', '2023-09-14T20:58:07.644328', 0.003103971481323242, 0.06000018119812012, 0.06310415267944336]
['dugong', '2023-09-14T20:58:11.720827', 0.0033843517303466797, 0.05157351493835449, 0.05495786666870117]
['whiskey jug', '2023-09-14T20:58:15.847000', 0.003094196319580078, 0.057152748107910156, 0.060246944427490234]
['lotion', '2023-09-14T20:58:19.873058', 0.0025670528411865234, 0.05169272422790527, 0.0542597770690918]
['worm fence', '2023-09-14T20:58:23.902244', 0.00392460823059082, 0.046189308166503906, 0.05011391639709473]
['maypole', '2023-09-14T20:58:27.944505', 0.004040956497192383, 0.04685854911804199, 0.050899505615234375]
['hand-held computer', '2023-09-14T20:58:31.988529', 0.0022144317626953125, 0.04655814170837402, 0.048772573471069336]
['monastery', '2023-09-14T20:58:36.102707', 0.0015935897827148438, 0.05646252632141113, 0.05805611610412598]
['oxcart', '2023-09-14T20:58:40.198796', 0.0015892982482910156, 0.05795121192932129, 0.059540510177612305]
['hair slide', '2023-09-14T20:58:44.273187', 0.003959178924560547, 0.05001425743103027, 0.05397343635559082]
['fire screen', '2023-09-14T20:58:48.401467', 0.00203704833984375, 0.04814767837524414, 0.05018472671508789]
['slug', '2023-09-14T20:58:52.423837', 0.0035839080810546875, 0.048181772232055664, 0.05176568031311035]
['frying pan', '2023-09-14T20:58:56.648913', 0.0036668777465820312, 0.060148000717163086, 0.06381487846374512]
['earthstar', '2023-09-14T20:59:00.825887', 0.003856658935546875, 0.04967999458312988, 0.05353665351867676]
['lion', '2023-09-14T20:59:04.974382', 0.0022411346435546875, 0.05577278137207031, 0.058013916015625]
['pole', '2023-09-14T20:59:08.980433', 0.0039026737213134766, 0.05948233604431152, 0.063385009765625]
['moving van', '2023-09-14T20:59:13.064161', 0.0040318965911865234, 0.05851173400878906, 0.06254363059997559]
['jaguar', '2023-09-14T20:59:17.211529', 0.0022580623626708984, 0.047910451889038086, 0.050168514251708984]
['dugong', '2023-09-14T20:59:25.300323', 0.003629446029663086, 0.04669189453125, 0.050321340560913086]
['Sealyham terrier', '2023-09-14T20:59:29.292833', 0.002147197723388672, 0.05835437774658203, 0.0605015754699707]
['whiskey jug', '2023-09-14T20:59:33.343600', 0.0022253990173339844, 0.04826664924621582, 0.050492048263549805]
['trolleybus', '2023-09-14T20:59:37.437971', 0.0041065216064453125, 0.04801344871520996, 0.05211997032165527]
['German shepherd', '2023-09-14T20:59:41.608668', 0.002975940704345703, 0.07131767272949219, 0.07429361343383789]
['comic book', '2023-09-14T20:59:45.639008', 0.0030710697174072266, 0.04985308647155762, 0.052924156188964844]
['European fire salamander', '2023-09-14T20:59:49.740369', 0.0037605762481689453, 0.06303739547729492, 0.06679797172546387]
['pirate', '2023-09-14T20:59:53.812487', 0.004607200622558594, 0.07770943641662598, 0.08231663703918457]
['theater curtain', '2023-09-14T20:59:58.023487', 0.002006053924560547, 0.06324315071105957, 0.06524920463562012]
['platypus', '2023-09-14T21:00:06.259657', 0.0017154216766357422, 0.07730627059936523, 0.07902169227600098]
['jersey', '2023-09-14T21:00:10.328975', 0.0032045841217041016, 0.07696366310119629, 0.08016824722290039]
['bell pepper', '2023-09-14T21:00:14.443308', 0.0021669864654541016, 0.07295680046081543, 0.07512378692626953]
['German shepherd', '2023-09-14T21:00:18.453461', 0.0016410350799560547, 0.07335853576660156, 0.07499957084655762]
['wire-haired fox terrier', '2023-09-14T21:00:22.486969', 0.002295970916748047, 0.06451106071472168, 0.06680703163146973]
['hot pot', '2023-09-14T21:00:26.507860', 0.003826141357421875, 0.07830572128295898, 0.08213186264038086]
['guacamole', '2023-09-14T21:00:30.549797', 0.003528118133544922, 0.08544397354125977, 0.08897209167480469]
['pomegranate', '2023-09-14T21:00:34.626359', 0.0035352706909179688, 0.058034420013427734, 0.0615696907043457]
['rotisserie', '2023-09-14T21:00:38.708264', 0.0020182132720947266, 0.0728003978729248, 0.07481861114501953]
['binder', '2023-09-14T21:00:42.777211', 0.0020003318786621094, 0.08321833610534668, 0.08521866798400879]
['abaya', '2023-09-14T21:00:46.891553', 0.003530740737915039, 0.05482196807861328, 0.05835270881652832]
['mountain bike', '2023-09-14T21:00:50.931889', 0.003055572509765625, 0.07904362678527832, 0.08209919929504395]
['waffle iron', '2023-09-14T21:00:55.154695', 0.003100156784057617, 0.06370258331298828, 0.0668027400970459]
['water tower', '2023-09-14T21:00:59.338139', 0.003468751907348633, 0.05968666076660156, 0.0631554126739502]
['slide rule', '2023-09-14T21:01:03.485607', 0.0035965442657470703, 0.05344867706298828, 0.05704522132873535]
['tobacco shop', '2023-09-14T21:01:07.494080', 0.0032570362091064453, 0.0494534969329834, 0.052710533142089844]
['goldfish', '2023-09-14T21:01:11.580258', 0.002412080764770508, 0.10161519050598145, 0.10402727127075195]
['polecat', '2023-09-14T21:01:15.702851', 0.0018100738525390625, 0.07471871376037598, 0.07652878761291504]
['vault', '2023-09-14T21:01:19.685190', 0.002172708511352539, 0.09039044380187988, 0.09256315231323242]
['birdhouse', '2023-09-14T21:01:23.748065', 0.0025315284729003906, 0.0832052230834961, 0.08573675155639648]
['grey whale', '2023-09-14T21:01:27.776722', 0.0023508071899414062, 0.08437871932983398, 0.08672952651977539]
['strawberry', '2023-09-14T21:01:35.917391', 0.002058267593383789, 0.08252668380737305, 0.08458495140075684]
['kelpie', '2023-09-14T21:01:40.092733', 0.002326488494873047, 0.05594778060913086, 0.058274269104003906]
['monastery', '2023-09-14T21:01:44.115767', 0.0018184185028076172, 0.07078695297241211, 0.07260537147521973]
['lotion', '2023-09-14T21:01:48.179581', 0.0017819404602050781, 0.07113838195800781, 0.07292032241821289]
['jersey', '2023-09-14T21:01:52.253046', 0.0020868778228759766, 0.08210945129394531, 0.08419632911682129]
['banana', '2023-09-14T21:01:56.464440', 0.002603769302368164, 0.08480143547058105, 0.08740520477294922]
['safety pin', '2023-09-14T21:02:00.628227', 0.00393366813659668, 0.058329105377197266, 0.062262773513793945]
['sulphur butterfly', '2023-09-14T21:02:04.717104', 0.002596616744995117, 0.08735466003417969, 0.0899512767791748]
['mailbag', '2023-09-14T21:02:12.875900', 0.002359628677368164, 0.07189488410949707, 0.07425451278686523]
['bullet train', '2023-09-14T21:02:16.899822', 0.0030548572540283203, 0.06134033203125, 0.06439518928527832]
['organ', '2023-09-14T21:02:20.911433', 0.002855539321899414, 0.048172950744628906, 0.05102849006652832]
['magnetic compass', '2023-09-14T21:02:24.920440', 0.002074003219604492, 0.06861376762390137, 0.07068777084350586]
['platypus', '2023-09-14T21:02:28.969964', 0.0017647743225097656, 0.06785178184509277, 0.06961655616760254]
['overskirt', '2023-09-14T21:02:33.032190', 0.001986265182495117, 0.06734895706176758, 0.0693352222442627]
['maypole', '2023-09-14T21:02:37.120388', 0.002828359603881836, 0.08412814140319824, 0.08695650100708008]
['croquet ball', '2023-09-14T21:02:41.191129', 0.002283334732055664, 0.08037304878234863, 0.0826563835144043]
['king penguin', '2023-09-14T21:02:45.305634', 0.002099275588989258, 0.10564398765563965, 0.1077432632446289]
['orangutan', '2023-09-14T21:02:49.333908', 0.0021224021911621094, 0.07691764831542969, 0.0790400505065918]
['sock', '2023-09-14T21:02:53.556033', 0.0021927356719970703, 0.07572531700134277, 0.07791805267333984]
['space bar', '2023-09-14T21:02:57.743600', 0.0034503936767578125, 0.06866717338562012, 0.07211756706237793]
['spider monkey', '2023-09-14T21:03:01.895020', 0.0023872852325439453, 0.06860756874084473, 0.07099485397338867]
['cockroach', '2023-09-14T21:03:05.899384', 0.002663135528564453, 0.07332038879394531, 0.07598352432250977]
['tobacco shop', '2023-09-14T21:03:09.985181', 0.0021147727966308594, 0.06957602500915527, 0.07169079780578613]
['earthstar', '2023-09-14T21:03:14.103769', 0.0026862621307373047, 0.07691454887390137, 0.07960081100463867]
['barrel', '2023-09-14T21:03:18.097899', 0.002126932144165039, 0.07053804397583008, 0.07266497611999512]
['black grouse', '2023-09-14T21:03:22.166534', 0.003650665283203125, 0.0763394832611084, 0.07999014854431152]
['throne', '2023-09-14T21:03:26.177534', 0.0017211437225341797, 0.08562111854553223, 0.0873422622680664]
['consomme', '2023-09-14T21:03:30.221410', 0.0028848648071289062, 0.06878805160522461, 0.07167291641235352]
['croquet ball', '2023-09-14T21:03:34.288166', 0.0032732486724853516, 0.07109975814819336, 0.07437300682067871]
['fire screen', '2023-09-14T21:03:38.469884', 0.0023031234741210938, 0.07056832313537598, 0.07287144660949707]
['sports car', '2023-09-14T21:03:42.504170', 0.0020470619201660156, 0.06851863861083984, 0.07056570053100586]
['plunger', '2023-09-14T21:03:46.579948', 0.0019114017486572266, 0.07282614707946777, 0.074737548828125]
['reel', '2023-09-14T21:03:50.669154', 0.003100872039794922, 0.08498907089233398, 0.0880899429321289]
['barn spider', '2023-09-14T21:03:54.873000', 0.0017771720886230469, 0.08685994148254395, 0.08863711357116699]
['thresher', '2023-09-14T21:03:59.035985', 0.0029659271240234375, 0.06795716285705566, 0.0709230899810791]
['whistle', '2023-09-14T21:04:03.130744', 0.0021941661834716797, 0.0728306770324707, 0.07502484321594238]
['passenger car', '2023-09-14T21:04:07.206005', 0.0020580291748046875, 0.0825796127319336, 0.08463764190673828]
['cheetah', '2023-09-14T21:04:11.326987', 0.0022203922271728516, 0.06994771957397461, 0.07216811180114746]
['maraca', '2023-09-14T21:04:15.344310', 0.0019521713256835938, 0.0814061164855957, 0.0833582878112793]
['cash machine', '2023-09-14T21:04:19.363547', 0.0017008781433105469, 0.08274459838867188, 0.08444547653198242]
['king penguin', '2023-09-14T21:04:23.384872', 0.003359079360961914, 0.07047510147094727, 0.07383418083190918]
['container ship', '2023-09-14T21:04:27.438826', 0.0021581649780273438, 0.07006072998046875, 0.0722188949584961]
['chain mail', '2023-09-14T21:04:31.547929', 0.0037615299224853516, 0.07142949104309082, 0.07519102096557617]
['hot pot', '2023-09-14T21:04:35.637777', 0.0024416446685791016, 0.06938624382019043, 0.07182788848876953]
['magnetic compass', '2023-09-14T21:04:39.703930', 0.003984212875366211, 0.07348370552062988, 0.0774679183959961]
['dugong', '2023-09-14T21:04:43.811654', 0.001852273941040039, 0.0795753002166748, 0.08142757415771484]
['throne', '2023-09-14T21:04:47.842971', 0.0024323463439941406, 0.06866097450256348, 0.07109332084655762]
['vine snake', '2023-09-14T21:04:52.072034', 0.0036194324493408203, 0.07904362678527832, 0.08266305923461914]
['convertible', '2023-09-14T21:04:56.250402', 0.0023233890533447266, 0.06474852561950684, 0.06707191467285156]
['school bus', '2023-09-14T21:05:00.392028', 0.001969575881958008, 0.08003973960876465, 0.08200931549072266]
['screen', '2023-09-14T21:05:08.480164', 0.0042498111724853516, 0.0728001594543457, 0.07704997062683105]
['monastery', '2023-09-14T21:05:12.586956', 0.00193023681640625, 0.07562637329101562, 0.07755661010742188]
['goose', '2023-09-14T21:05:16.583596', 0.002125263214111328, 0.07579636573791504, 0.07792162895202637]
['hartebeest', '2023-09-14T21:05:20.640692', 0.002173900604248047, 0.07656645774841309, 0.07874035835266113]
['drilling platform', '2023-09-14T21:05:24.654226', 0.0016477108001708984, 0.07483625411987305, 0.07648396492004395]
