['triceratops', '2023-09-14T20:02:22.624921', 0.014390707015991211, 0.21123123168945312, 0.22562193870544434]
['triceratops', '2023-09-14T20:02:24.431842', 0.01107025146484375, 0.15593886375427246, 0.1670091152191162]
['triceratops', '2023-09-14T20:02:27.405915', 0.012236356735229492, 0.1947469711303711, 0.20698332786560059]
['barometer', '2023-09-14T20:06:12.674969', 0.003657102584838867, 0.16956806182861328, 0.17322516441345215]
['go-kart', '2023-09-14T20:06:16.775127', 0.004968404769897461, 0.14400053024291992, 0.14896893501281738]
['bluetick', '2023-09-14T20:06:20.845426', 0.00497889518737793, 0.14823436737060547, 0.1532132625579834]
['banana', '2023-09-14T20:06:24.954488', 0.0048065185546875, 0.13712549209594727, 0.14193201065063477]
['dugong', '2023-09-14T20:06:28.984671', 0.00453948974609375, 0.12533354759216309, 0.12987303733825684]
['maillot tank suit', '2023-09-14T20:06:33.230415', 0.0049266815185546875, 0.14002656936645508, 0.14495325088500977]
['worm fence', '2023-09-14T20:06:37.413048', 0.004995822906494141, 0.1221921443939209, 0.12718796730041504]
['sidewinder', '2023-09-14T20:06:41.563316', 0.002001523971557617, 0.13078546524047852, 0.13278698921203613]
['worm fence', '2023-09-14T20:06:45.575810', 0.004420757293701172, 0.1381666660308838, 0.14258742332458496]
['guillotine', '2023-09-14T20:06:49.664149', 0.004463911056518555, 0.12757539749145508, 0.13203930854797363]
['go-kart', '2023-09-14T20:06:53.784294', 0.003281116485595703, 0.1293196678161621, 0.1326007843017578]
['convertible', '2023-09-14T20:06:57.763466', 0.004742622375488281, 0.12674856185913086, 0.13149118423461914]
['neck brace', '2023-09-14T20:07:01.828854', 0.004770517349243164, 0.12978601455688477, 0.13455653190612793]
['eggnog', '2023-09-14T20:07:05.838540', 0.00417327880859375, 0.13953590393066406, 0.1437091827392578]
['barn spider', '2023-09-14T20:07:09.881202', 0.0019605159759521484, 0.12751364707946777, 0.12947416305541992]
['drilling platform', '2023-09-14T20:07:13.970927', 0.005089282989501953, 0.12806487083435059, 0.13315415382385254]
['lesser panda', '2023-09-14T20:07:18.183253', 0.00445103645324707, 0.13049054145812988, 0.13494157791137695]
['can opener', '2023-09-14T20:07:22.212892', 0.004915714263916016, 0.12778830528259277, 0.1327040195465088]
['lynx', '2023-09-14T20:07:26.287103', 0.003896951675415039, 0.1263580322265625, 0.13025498390197754]
['dam', '2023-09-14T20:07:34.600624', 0.005053520202636719, 0.12833762168884277, 0.1333911418914795]
['snorkel', '2023-09-14T20:07:38.770275', 0.0047817230224609375, 0.12850689888000488, 0.13328862190246582]
['Yorkshire terrier', '2023-09-14T20:07:42.872759', 0.002465963363647461, 0.1243448257446289, 0.12681078910827637]
['tailed frog', '2023-09-14T20:07:46.951284', 0.004577159881591797, 0.12737298011779785, 0.13195013999938965]
['chain saw', '2023-09-14T20:07:51.068992', 0.004355907440185547, 0.13059282302856445, 0.13494873046875]
['magnetic compass', '2023-09-14T20:07:55.093529', 0.004792213439941406, 0.12656259536743164, 0.13135480880737305]
['triumphal arch', '2023-09-14T20:07:59.126672', 0.005073070526123047, 0.12549734115600586, 0.1305704116821289]
['German shepherd', '2023-09-14T20:08:03.144218', 0.00443267822265625, 0.12640714645385742, 0.13083982467651367]
['koala', '2023-09-14T20:08:07.225543', 0.002480745315551758, 0.13012480735778809, 0.13260555267333984]
['hand-held computer', '2023-09-14T20:08:11.304570', 0.0031871795654296875, 0.14181923866271973, 0.14500641822814941]
['black stork', '2023-09-14T20:08:15.399302', 0.004602670669555664, 0.18694567680358887, 0.19154834747314453]
['drilling platform', '2023-09-14T20:08:19.476929', 0.0044667720794677734, 0.15662741661071777, 0.16109418869018555]
['brass', '2023-09-14T20:08:23.591911', 0.0049779415130615234, 0.12435317039489746, 0.12933111190795898]
['panpipe', '2023-09-14T20:08:27.618910', 0.005133628845214844, 0.13579535484313965, 0.1409289836883545]
['amphibian', '2023-09-14T20:08:31.829083', 0.005159854888916016, 0.16656255722045898, 0.171722412109375]
['bighorn', '2023-09-14T20:08:36.042845', 0.003942012786865234, 0.12392449378967285, 0.12786650657653809]
['gazelle', '2023-09-14T20:08:40.193336', 0.0046503543853759766, 0.1296844482421875, 0.13433480262756348]
['ringlet', '2023-09-14T20:08:44.202551', 0.005010128021240234, 0.12955594062805176, 0.134566068649292]
['clog', '2023-09-14T20:08:48.291306', 0.005115032196044922, 0.12747740745544434, 0.13259243965148926]
['fire screen', '2023-09-14T20:08:52.407794', 0.004474163055419922, 0.12749767303466797, 0.1319718360900879]
['table lamp', '2023-09-14T20:08:56.400677', 0.004929065704345703, 0.1396470069885254, 0.1445760726928711]
['prayer rug', '2023-09-14T20:09:00.472736', 0.004929542541503906, 0.12616586685180664, 0.13109540939331055]
['jinrikisha', '2023-09-14T20:09:04.482460', 0.004568576812744141, 0.1518542766571045, 0.15642285346984863]
['Petri dish', '2023-09-14T20:09:08.531367', 0.004550933837890625, 0.13748908042907715, 0.14204001426696777]
['entertainment center', '2023-09-14T20:09:12.602252', 0.0036640167236328125, 0.15302062034606934, 0.15668463706970215]
['cauliflower', '2023-09-14T20:09:16.805961', 0.0046231746673583984, 0.13726210594177246, 0.14188528060913086]
['milk can', '2023-09-14T20:09:24.917474', 0.005101203918457031, 0.12613868713378906, 0.1312398910522461]
['platypus', '2023-09-14T20:09:29.009646', 0.004326343536376953, 0.1258387565612793, 0.13016510009765625]
['hand-held computer', '2023-09-14T20:09:33.220106', 0.004512310028076172, 0.12391543388366699, 0.12842774391174316]
['barn spider', '2023-09-14T20:09:37.383815', 0.00414586067199707, 0.12430191040039062, 0.1284477710723877]
['golden retriever', '2023-09-14T20:09:41.476350', 0.0042345523834228516, 0.12491273880004883, 0.12914729118347168]
['Egyptian cat', '2023-09-14T20:09:45.574417', 0.004670858383178711, 0.12691092491149902, 0.13158178329467773]
['alp', '2023-09-14T20:09:49.685060', 0.0034439563751220703, 0.1294248104095459, 0.13286876678466797]
['Windsor tie', '2023-09-14T20:09:53.705844', 0.004911661148071289, 0.13251996040344238, 0.13743162155151367]
['earthstar', '2023-09-14T20:09:57.725278', 0.00462031364440918, 0.12607359886169434, 0.13069391250610352]
['black stork', '2023-09-14T20:10:01.745851', 0.0048596858978271484, 0.13707184791564941, 0.14193153381347656]
['overskirt', '2023-09-14T20:10:05.804451', 0.004844188690185547, 0.12651896476745605, 0.1313631534576416]
['ant', '2023-09-14T20:10:09.915499', 0.004342555999755859, 0.12507414817810059, 0.12941670417785645]
['water tower', '2023-09-14T20:10:14.013808', 0.004858493804931641, 0.12745428085327148, 0.13231277465820312]
['American lobster', '2023-09-14T20:10:18.086323', 0.0028793811798095703, 0.13276243209838867, 0.13564181327819824]
['space bar', '2023-09-14T20:10:22.193383', 0.002393960952758789, 0.151749849319458, 0.1541438102722168]
['cloak', '2023-09-14T20:10:26.228093', 0.004460573196411133, 0.13363003730773926, 0.1380906105041504]
['nipple', '2023-09-14T20:10:30.425207', 0.0027637481689453125, 0.15335583686828613, 0.15611958503723145]
['worm fence', '2023-09-14T20:10:34.607374', 0.002202272415161133, 0.1714155673980713, 0.17361783981323242]
['beacon', '2023-09-14T20:10:38.770028', 0.00491642951965332, 0.1324453353881836, 0.13736176490783691]
['potpie', '2023-09-14T20:10:42.772829', 0.004747152328491211, 0.12948155403137207, 0.13422870635986328]
['common newt', '2023-09-14T20:10:46.882875', 0.004461765289306641, 0.12798190116882324, 0.13244366645812988]
['rotisserie', '2023-09-14T20:10:51.030105', 0.0018985271453857422, 0.13233637809753418, 0.13423490524291992]
['maypole', '2023-09-14T20:10:55.034706', 0.005040645599365234, 0.12813782691955566, 0.1331784725189209]
['earthstar', '2023-09-14T20:10:59.095318', 0.0027132034301757812, 0.1260390281677246, 0.1287522315979004]
['thresher', '2023-09-14T20:11:03.111553', 0.004524707794189453, 0.12954425811767578, 0.13406896591186523]
['snail', '2023-09-14T20:11:07.157920', 0.0016262531280517578, 0.12275576591491699, 0.12438201904296875]
['hair slide', '2023-09-14T20:11:11.272882', 0.004660606384277344, 0.12698912620544434, 0.13164973258972168]
['clog', '2023-09-14T20:11:15.459936', 0.004441738128662109, 0.1350407600402832, 0.1394824981689453]
['monastery', '2023-09-14T20:11:19.513114', 0.0038652420043945312, 0.12833881378173828, 0.1322040557861328]
['dining table', '2023-09-14T20:11:23.589401', 0.004602193832397461, 0.12630772590637207, 0.13090991973876953]
['wild boar', '2023-09-14T20:11:27.695450', 0.004611015319824219, 0.12566542625427246, 0.13027644157409668]
['seashore', '2023-09-14T20:11:31.893084', 0.0029442310333251953, 0.14403915405273438, 0.14698338508605957]
['hair slide', '2023-09-14T20:11:36.064215', 0.0038373470306396484, 0.12584972381591797, 0.12968707084655762]
['monastery', '2023-09-14T20:11:40.161959', 0.004987955093383789, 0.12799859046936035, 0.13298654556274414]
['nematode', '2023-09-14T20:11:44.233309', 0.004866123199462891, 0.12376999855041504, 0.12863612174987793]
['tobacco shop', '2023-09-14T20:11:48.368343', 0.0016109943389892578, 0.12304973602294922, 0.12466073036193848]
['trolleybus', '2023-09-14T20:11:52.388254', 0.003066539764404297, 0.1358790397644043, 0.1389455795288086]
['cheetah', '2023-09-14T20:11:56.415503', 0.0049664974212646484, 0.12734651565551758, 0.13231301307678223]
['amphibian', '2023-09-14T20:12:00.432858', 0.004903554916381836, 0.1263597011566162, 0.13126325607299805]
['assault rifle', '2023-09-14T20:12:04.463691', 0.004536151885986328, 0.12793254852294922, 0.13246870040893555]
['chiton', '2023-09-14T20:12:08.550652', 0.00312042236328125, 0.12405085563659668, 0.12717127799987793]
['tailed frog', '2023-09-14T20:12:12.640628', 0.003427267074584961, 0.1339879035949707, 0.13741517066955566]
['safety pin', '2023-09-14T20:12:16.716504', 0.004349470138549805, 0.1286168098449707, 0.1329662799835205]
['gong', '2023-09-14T20:12:20.850631', 0.0044023990631103516, 0.1252000331878662, 0.12960243225097656]
['slot', '2023-09-14T20:12:24.886176', 0.0049440860748291016, 0.12444424629211426, 0.12938833236694336]
['black stork', '2023-09-14T20:12:29.129732', 0.005024433135986328, 0.12959742546081543, 0.13462185859680176]
['pill bottle', '2023-09-14T20:12:33.312666', 0.004462003707885742, 0.13348627090454102, 0.13794827461242676]
['rock python', '2023-09-14T20:12:37.467228', 0.004430532455444336, 0.12866902351379395, 0.13309955596923828]
['toyshop', '2023-09-14T20:12:41.478236', 0.004410505294799805, 0.12775969505310059, 0.1321702003479004]
['gondola', '2023-09-14T20:12:45.556655', 0.0015976428985595703, 0.12334036827087402, 0.1249380111694336]
['academic gown', '2023-09-14T20:12:49.680713', 0.002930879592895508, 0.1310734748840332, 0.1340043544769287]
['spaghetti squash', '2023-09-14T20:12:57.753089', 0.004227161407470703, 0.12452173233032227, 0.12874889373779297]
['turnstile', '2023-09-14T20:13:01.789052', 0.0032279491424560547, 0.12969541549682617, 0.13292336463928223]
['oil filter', '2023-09-14T20:13:05.834378', 0.005135059356689453, 0.12797307968139648, 0.13310813903808594]
['bell pepper', '2023-09-14T20:13:09.924923', 0.004967212677001953, 0.12848925590515137, 0.13345646858215332]
['pirate', '2023-09-14T20:13:14.129926', 0.004116058349609375, 0.1372697353363037, 0.14138579368591309]
['gondola', '2023-09-14T20:13:18.151983', 0.00436711311340332, 0.12525391578674316, 0.12962102890014648]
['electric ray', '2023-09-14T20:13:22.251694', 0.004918336868286133, 0.12737560272216797, 0.1322939395904541]
['lemon', '2023-09-14T20:13:26.330262', 0.004839658737182617, 0.12321853637695312, 0.12805819511413574]
['theater curtain', '2023-09-14T20:13:30.537102', 0.0033080577850341797, 0.12696170806884766, 0.13026976585388184]
['lakeside', '2023-09-14T20:13:34.698333', 0.003914833068847656, 0.14275527000427246, 0.14667010307312012]
['whiskey jug', '2023-09-14T20:13:38.795378', 0.004908561706542969, 0.12798380851745605, 0.13289237022399902]
['guillotine', '2023-09-14T20:13:42.897027', 0.0029108524322509766, 0.12920713424682617, 0.13211798667907715]
['school bus', '2023-09-14T20:13:47.012474', 0.00497126579284668, 0.12483358383178711, 0.1298048496246338]
['gazelle', '2023-09-14T20:13:51.047581', 0.004954814910888672, 0.12444591522216797, 0.12940073013305664]
['siamang', '2023-09-14T20:13:55.064816', 0.004398345947265625, 0.13910198211669922, 0.14350032806396484]
['moving van', '2023-09-14T20:14:03.161914', 0.004395246505737305, 0.1257615089416504, 0.1301567554473877]
['overskirt', '2023-09-14T20:14:07.254308', 0.004979133605957031, 0.12498044967651367, 0.1299595832824707]
['fox squirrel', '2023-09-14T20:14:11.355692', 0.004357099533081055, 0.12543058395385742, 0.12978768348693848]
['isopod', '2023-09-14T20:14:15.436472', 0.004514455795288086, 0.12599611282348633, 0.13051056861877441]
['table lamp', '2023-09-14T20:14:19.572939', 0.004930973052978516, 0.12830829620361328, 0.1332392692565918]
['milk can', '2023-09-14T20:14:23.607130', 0.004994392395019531, 0.12558555603027344, 0.13057994842529297]
['tusker', '2023-09-14T20:14:27.828285', 0.004712820053100586, 0.12823748588562012, 0.1329503059387207]
['tailed frog', '2023-09-14T20:14:32.007570', 0.004426002502441406, 0.133711576461792, 0.1381375789642334]
['moving van', '2023-09-14T20:14:36.213219', 0.003914594650268555, 0.12547826766967773, 0.1293928623199463]
['wok', '2023-09-14T20:14:40.217357', 0.004678010940551758, 0.12561988830566406, 0.13029789924621582]
['platypus', '2023-09-14T20:14:44.291689', 0.0024178028106689453, 0.15361618995666504, 0.15603399276733398]
['rotisserie', '2023-09-14T20:14:48.407800', 0.004936695098876953, 0.12472963333129883, 0.12966632843017578]
['buckeye', '2023-09-14T20:14:52.410464', 0.004401683807373047, 0.1466209888458252, 0.15102267265319824]
['centipede', '2023-09-14T20:14:56.467371', 0.004923820495605469, 0.12472891807556152, 0.129652738571167]
['throne', '2023-09-14T20:15:00.506895', 0.005109071731567383, 0.1332554817199707, 0.13836455345153809]
['bell pepper', '2023-09-14T20:15:04.554048', 0.002195119857788086, 0.14938712120056152, 0.1515822410583496]
['maypole', '2023-09-14T20:15:08.652025', 0.005098819732666016, 0.12795281410217285, 0.13305163383483887]
['brass', '2023-09-14T20:15:12.834348', 0.0020341873168945312, 0.12575578689575195, 0.12778997421264648]
['lemon', '2023-09-14T20:15:16.866508', 0.0049397945404052734, 0.12517952919006348, 0.13011932373046875]
['abaya', '2023-09-14T20:15:20.926480', 0.0033702850341796875, 0.12807464599609375, 0.13144493103027344]
['fox squirrel', '2023-09-14T20:15:25.006372', 0.0045130252838134766, 0.149979829788208, 0.15449285507202148]
['muzzle', '2023-09-14T20:15:29.221945', 0.004537105560302734, 0.12716341018676758, 0.1317005157470703]
['convertible', '2023-09-14T20:15:33.406156', 0.004467487335205078, 0.12592840194702148, 0.13039588928222656]
['overskirt', '2023-09-14T20:15:37.502467', 0.004741668701171875, 0.1267223358154297, 0.13146400451660156]
['chain mail', '2023-09-14T20:15:41.577390', 0.005132913589477539, 0.16686105728149414, 0.17199397087097168]
['brown bear', '2023-09-14T20:15:45.691625', 0.004872798919677734, 0.1270465850830078, 0.13191938400268555]
['komondor', '2023-09-14T20:15:53.737314', 0.005306720733642578, 0.12627005577087402, 0.1315767765045166]
['coyote', '2023-09-14T20:15:57.749582', 0.005063056945800781, 0.12473249435424805, 0.12979555130004883]
['common newt', '2023-09-14T20:16:01.787630', 0.0021131038665771484, 0.17513179779052734, 0.1772449016571045]
['fox squirrel', '2023-09-14T20:16:05.862062', 0.004087686538696289, 0.14547944068908691, 0.1495671272277832]
['fox squirrel', '2023-09-14T20:16:09.964250', 0.005467891693115234, 0.14174652099609375, 0.14721441268920898]
['plunger', '2023-09-14T20:16:14.036366', 0.004644870758056641, 0.1476759910583496, 0.15232086181640625]
['maillot tank suit', '2023-09-14T20:16:18.144216', 0.003196239471435547, 0.14337778091430664, 0.1465740203857422]
['hen-of-the-woods', '2023-09-14T20:16:22.177195', 0.005633831024169922, 0.14626550674438477, 0.1518993377685547]
['thresher', '2023-09-14T20:16:26.391818', 0.002794504165649414, 0.15152740478515625, 0.15432190895080566]
['book jacket', '2023-09-14T20:16:30.569477', 0.0027256011962890625, 0.14165139198303223, 0.1443769931793213]
['alp', '2023-09-14T20:16:34.754137', 0.00448918342590332, 0.14975976943969727, 0.15424895286560059]
['slide rule', '2023-09-14T20:16:38.745305', 0.003913402557373047, 0.1445927619934082, 0.14850616455078125]
['cannon', '2023-09-14T20:16:42.814777', 0.002434253692626953, 0.153120756149292, 0.15555500984191895]
['snowplow', '2023-09-14T20:16:46.936385', 0.002158641815185547, 0.15011239051818848, 0.15227103233337402]
['Scotch terrier', '2023-09-14T20:16:55.006513', 0.002741575241088867, 0.16015148162841797, 0.16289305686950684]
['frilled lizard', '2023-09-14T20:16:59.010254', 0.004464149475097656, 0.14191818237304688, 0.14638233184814453]
['barrel', '2023-09-14T20:17:03.053076', 0.0026569366455078125, 0.14371347427368164, 0.14637041091918945]
['ox', '2023-09-14T20:17:07.120663', 0.0026416778564453125, 0.1512300968170166, 0.15387177467346191]
['custard apple', '2023-09-14T20:17:11.304141', 0.004288434982299805, 0.14450645446777344, 0.14879488945007324]
['earthstar', '2023-09-14T20:17:15.358576', 0.004601716995239258, 0.14498639106750488, 0.14958810806274414]
['lotion', '2023-09-14T20:17:19.431504', 0.004908084869384766, 0.14204168319702148, 0.14694976806640625]
['chain saw', '2023-09-14T20:17:23.514217', 0.0022363662719726562, 0.1394655704498291, 0.14170193672180176]
['spiny lobster', '2023-09-14T20:17:27.753466', 0.0017440319061279297, 0.14390182495117188, 0.1456458568572998]
['bearskin', '2023-09-14T20:17:31.943445', 0.004654884338378906, 0.14506077766418457, 0.14971566200256348]
['frying pan', '2023-09-14T20:17:40.103472', 0.0027692317962646484, 0.1369338035583496, 0.13970303535461426]
['knee pad', '2023-09-14T20:17:44.247285', 0.001661062240600586, 0.14540910720825195, 0.14707016944885254]
['steel arch bridge', '2023-09-14T20:17:48.263820', 0.004190921783447266, 0.1582963466644287, 0.16248726844787598]
['rotisserie', '2023-09-14T20:17:52.299252', 0.004476070404052734, 0.1347670555114746, 0.13924312591552734]
['frying pan', '2023-09-14T20:17:56.317685', 0.003223419189453125, 0.17004680633544922, 0.17327022552490234]
['breakwater', '2023-09-14T20:18:00.370926', 0.0027344226837158203, 0.14167499542236328, 0.1444094181060791]
['steel arch bridge', '2023-09-14T20:18:04.450794', 0.0027320384979248047, 0.15431475639343262, 0.15704679489135742]
['cougar', '2023-09-14T20:18:08.573979', 0.0018677711486816406, 0.1503312587738037, 0.15219902992248535]
['scorpion', '2023-09-14T20:18:12.649259', 0.0048749446868896484, 0.14921832084655762, 0.15409326553344727]
['acoustic guitar', '2023-09-14T20:18:16.748843', 0.0025238990783691406, 0.16490554809570312, 0.16742944717407227]
['thresher', '2023-09-14T20:18:20.775495', 0.004483938217163086, 0.15266013145446777, 0.15714406967163086]
['walking stick', '2023-09-14T20:18:24.997729', 0.0043904781341552734, 0.152679443359375, 0.15706992149353027]
['cardoon', '2023-09-14T20:18:29.183907', 0.00425267219543457, 0.14082074165344238, 0.14507341384887695]
['whiskey jug', '2023-09-14T20:18:33.363852', 0.004645347595214844, 0.1459369659423828, 0.15058231353759766]
['lakeside', '2023-09-14T20:18:37.368758', 0.0026111602783203125, 0.14036178588867188, 0.1429729461669922]
['albatross', '2023-09-14T20:18:41.454713', 0.0016999244689941406, 0.13486218452453613, 0.13656210899353027]
['abaya', '2023-09-14T20:18:45.574382', 0.0045318603515625, 0.13858604431152344, 0.14311790466308594]
['hip', '2023-09-14T20:18:49.571831', 0.0016782283782958984, 0.14420080184936523, 0.14587903022766113]
['space bar', '2023-09-14T20:18:53.639840', 0.0044629573822021484, 0.1409471035003662, 0.14541006088256836]
['indri', '2023-09-14T20:18:57.657714', 0.002849578857421875, 0.14423680305480957, 0.14708638191223145]
['velvet', '2023-09-14T20:19:01.701041', 0.002681255340576172, 0.14004778861999512, 0.1427290439605713]
['vine snake', '2023-09-14T20:19:05.768575', 0.0030248165130615234, 0.14559364318847656, 0.14861845970153809]
['hen-of-the-woods', '2023-09-14T20:19:13.983001', 0.004431009292602539, 0.14288830757141113, 0.14731931686401367]
['hourglass', '2023-09-14T20:19:18.053887', 0.0017194747924804688, 0.1413719654083252, 0.14309144020080566]
['barn spider', '2023-09-14T20:19:22.135766', 0.0020570755004882812, 0.14001917839050293, 0.1420762538909912]
['barrel', '2023-09-14T20:19:26.350292', 0.0026869773864746094, 0.1437075138092041, 0.1463944911956787]
['spaghetti squash', '2023-09-14T20:19:30.519483', 0.0016841888427734375, 0.137925386428833, 0.13960957527160645]
['overskirt', '2023-09-14T20:19:34.618582', 0.00446009635925293, 0.13689732551574707, 0.141357421875]
['Kerry blue terrier', '2023-09-14T20:19:38.691444', 0.005852937698364258, 0.14781689643859863, 0.1536698341369629]
['thatch', '2023-09-14T20:19:42.792618', 0.0039823055267333984, 0.14020514488220215, 0.14418745040893555]
['slot', '2023-09-14T20:19:46.842447', 0.002670764923095703, 0.1406841278076172, 0.1433548927307129]
['tobacco shop', '2023-09-14T20:19:50.876065', 0.004956483840942383, 0.14597845077514648, 0.15093493461608887]
['monarch', '2023-09-14T20:19:54.876337', 0.005312681198120117, 0.13753223419189453, 0.14284491539001465]
['acorn', '2023-09-14T20:19:58.931068', 0.004216909408569336, 0.14923405647277832, 0.15345096588134766]
['waffle iron', '2023-09-14T20:20:03.016592', 0.005059957504272461, 0.13828301429748535, 0.1433429718017578]
['worm fence', '2023-09-14T20:20:07.130513', 0.0020835399627685547, 0.1306753158569336, 0.13275885581970215]
['lemon', '2023-09-14T20:20:11.198210', 0.00484156608581543, 0.12645339965820312, 0.13129496574401855]
['worm fence', '2023-09-14T20:20:15.302833', 0.002489805221557617, 0.1310887336730957, 0.13357853889465332]
['fox squirrel', '2023-09-14T20:20:19.336745', 0.0029325485229492188, 0.1327197551727295, 0.1356523036956787]
['dumbbell', '2023-09-14T20:20:23.541447', 0.0020177364349365234, 0.1375260353088379, 0.13954377174377441]
['barn spider', '2023-09-14T20:20:27.719344', 0.0027217864990234375, 0.14983820915222168, 0.15255999565124512]
['clog', '2023-09-14T20:20:31.871349', 0.0021686553955078125, 0.1535499095916748, 0.15571856498718262]
['basketball', '2023-09-14T20:20:35.881499', 0.0051670074462890625, 0.12513208389282227, 0.13029909133911133]
['convertible', '2023-09-14T20:20:39.960010', 0.003753185272216797, 0.13843226432800293, 0.14218544960021973]
['maraca', '2023-09-14T20:20:44.079641', 0.0041239261627197266, 0.1314854621887207, 0.13560938835144043]
['steel arch bridge', '2023-09-14T20:20:48.085422', 0.0024836063385009766, 0.15851449966430664, 0.16099810600280762]
['long-horned beetle', '2023-09-14T20:20:52.141635', 0.004957675933837891, 0.12798452377319336, 0.13294219970703125]
['toy terrier', '2023-09-14T20:20:56.154422', 0.0045719146728515625, 0.12706947326660156, 0.13164138793945312]
['drilling platform', '2023-09-14T20:21:00.199293', 0.00193023681640625, 0.13617777824401855, 0.1381080150604248]
['barn spider', '2023-09-14T20:21:04.266458', 0.001990795135498047, 0.14954757690429688, 0.15153837203979492]
['bearskin', '2023-09-14T20:21:08.436647', 0.002056121826171875, 0.16242218017578125, 0.16447830200195312]
['bulletproof vest', '2023-09-14T20:21:12.466721', 0.0020775794982910156, 0.13021135330200195, 0.13228893280029297]
['amphibian', '2023-09-14T20:21:16.539011', 0.004971504211425781, 0.12964630126953125, 0.13461780548095703]
['eggnog', '2023-09-14T20:21:20.612473', 0.00539398193359375, 0.135880708694458, 0.14127469062805176]
['bolo tie', '2023-09-14T20:21:24.826838', 0.00437474250793457, 0.1295938491821289, 0.13396859169006348]
['rock python', '2023-09-14T20:21:28.990978', 0.004731655120849609, 0.13019800186157227, 0.13492965698242188]
['European fire salamander', '2023-09-14T20:21:33.090092', 0.004479169845581055, 0.13215160369873047, 0.13663077354431152]
['ice bear', '2023-09-14T20:21:37.160914', 0.0032618045806884766, 0.13407516479492188, 0.13733696937561035]
['drilling platform', '2023-09-14T20:21:41.282142', 0.004570484161376953, 0.1495649814605713, 0.15413546562194824]
['bearskin', '2023-09-14T20:21:45.299506', 0.0049517154693603516, 0.12329554557800293, 0.12824726104736328]
['standard poodle', '2023-09-14T20:21:49.324275', 0.004575014114379883, 0.13354253768920898, 0.13811755180358887]
['fire screen', '2023-09-14T20:21:53.331936', 0.004398822784423828, 0.1279137134552002, 0.13231253623962402]
['Windsor tie', '2023-09-14T20:21:57.411929', 0.005038261413574219, 0.12782597541809082, 0.13286423683166504]
['frilled lizard', '2023-09-14T20:22:01.481812', 0.004503965377807617, 0.12854599952697754, 0.13304996490478516]
['Irish water spaniel', '2023-09-14T20:22:05.574414', 0.0041697025299072266, 0.13058686256408691, 0.13475656509399414]
['pickelhaube', '2023-09-14T20:22:09.675371', 0.004936695098876953, 0.12491798400878906, 0.12985467910766602]
['Christmas stocking', '2023-09-14T20:22:17.809536', 0.0047473907470703125, 0.12533235549926758, 0.1300797462463379]
['mobile home', '2023-09-14T20:22:22.032714', 0.00191497802734375, 0.12586474418640137, 0.12777972221374512]
['shoji', '2023-09-14T20:22:26.272104', 0.0045642852783203125, 0.12772512435913086, 0.13228940963745117]
['tobacco shop', '2023-09-14T20:22:30.427308', 0.001941680908203125, 0.14333295822143555, 0.14527463912963867]
['monarch', '2023-09-14T20:22:34.427767', 0.0038568973541259766, 0.12638640403747559, 0.13024330139160156]
['pool table', '2023-09-14T20:22:38.503188', 0.003261089324951172, 0.12845373153686523, 0.1317148208618164]
['clog', '2023-09-14T20:22:42.633328', 0.0050127506256103516, 0.15170598030090332, 0.15671873092651367]
['space bar', '2023-09-14T20:22:46.624460', 0.004239320755004883, 0.13275384902954102, 0.1369931697845459]
['cleaver', '2023-09-14T20:22:50.689827', 0.0027480125427246094, 0.14147543907165527, 0.14422345161437988]
['frilled lizard', '2023-09-14T20:22:54.702079', 0.00459599494934082, 0.1281123161315918, 0.13270831108093262]
['fox squirrel', '2023-09-14T20:22:58.773688', 0.00494074821472168, 0.12793445587158203, 0.1328752040863037]
['velvet', '2023-09-14T20:23:02.844578', 0.003603219985961914, 0.12507081031799316, 0.12867403030395508]
['space bar', '2023-09-14T20:23:07.025474', 0.00482940673828125, 0.12624335289001465, 0.1310727596282959]
['triumphal arch', '2023-09-14T20:23:11.044446', 0.005360126495361328, 0.1300947666168213, 0.13545489311218262]
['pretzel', '2023-09-14T20:23:15.136141', 0.0044786930084228516, 0.13544535636901855, 0.1399240493774414]
['German short-haired pointer', '2023-09-14T20:23:19.241299', 0.004494428634643555, 0.13042259216308594, 0.1349170207977295]
['pretzel', '2023-09-14T20:23:23.460986', 0.004456281661987305, 0.1241598129272461, 0.1286160945892334]
['brown bear', '2023-09-14T20:23:27.653078', 0.005004167556762695, 0.13292670249938965, 0.13793087005615234]
['maillot tank suit', '2023-09-14T20:23:31.749534', 0.004473447799682617, 0.1274251937866211, 0.1318986415863037]
['thresher', '2023-09-14T20:23:35.823190', 0.004483461380004883, 0.1286613941192627, 0.13314485549926758]
['broom', '2023-09-14T20:23:39.963238', 0.0028562545776367188, 0.15198564529418945, 0.15484189987182617]
['tobacco shop', '2023-09-14T20:23:43.981007', 0.0027604103088378906, 0.13048648834228516, 0.13324689865112305]
['fire screen', '2023-09-14T20:23:48.005792', 0.004438877105712891, 0.1277456283569336, 0.13218450546264648]
['barn spider', '2023-09-14T20:23:56.071657', 0.005063772201538086, 0.1307528018951416, 0.1358165740966797]
['modem', '2023-09-14T20:24:00.158262', 0.004412412643432617, 0.15401053428649902, 0.15842294692993164]
['barrel', '2023-09-14T20:24:04.240774', 0.004736423492431641, 0.12712550163269043, 0.13186192512512207]
['African elephant', '2023-09-14T20:24:08.307434', 0.004083156585693359, 0.13377118110656738, 0.13785433769226074]
['birdhouse', '2023-09-14T20:24:12.401818', 0.0045986175537109375, 0.1325545310974121, 0.13715314865112305]
['hourglass', '2023-09-14T20:24:16.435139', 0.004613637924194336, 0.12707090377807617, 0.1316845417022705]
['barrel', '2023-09-14T20:24:20.653278', 0.0038297176361083984, 0.1384127140045166, 0.142242431640625]
['mobile home', '2023-09-14T20:24:24.857089', 0.0016257762908935547, 0.12549543380737305, 0.1271212100982666]
['vine snake', '2023-09-14T20:24:29.039355', 0.004439592361450195, 0.1269979476928711, 0.1314375400543213]
['Labrador retriever', '2023-09-14T20:24:33.035576', 0.004853010177612305, 0.1249089241027832, 0.1297619342803955]
['pill bottle', '2023-09-14T20:24:37.145127', 0.004830360412597656, 0.12564373016357422, 0.13047409057617188]
['barn spider', '2023-09-14T20:24:41.271347', 0.005174398422241211, 0.12381625175476074, 0.12899065017700195]
['whiskey jug', '2023-09-14T20:24:45.272687', 0.004932880401611328, 0.12633633613586426, 0.13126921653747559]
['fox squirrel', '2023-09-14T20:24:49.362905', 0.0016756057739257812, 0.13245296478271484, 0.13412857055664062]
['electric ray', '2023-09-14T20:24:53.382421', 0.004509449005126953, 0.12467789649963379, 0.12918734550476074]
['ant', '2023-09-14T20:24:57.449086', 0.004183769226074219, 0.12929964065551758, 0.1334834098815918]
['pot', '2023-09-14T20:25:01.518024', 0.004370450973510742, 0.12755966186523438, 0.13193011283874512]
['clog', '2023-09-14T20:25:05.726178', 0.004077434539794922, 0.1250324249267578, 0.12910985946655273]
['brown bear', '2023-09-14T20:25:09.759185', 0.0050008296966552734, 0.1265106201171875, 0.13151144981384277]
['pirate', '2023-09-14T20:25:17.911347', 0.005401611328125, 0.12917780876159668, 0.13457942008972168]
['seashore', '2023-09-14T20:25:22.121439', 0.005049705505371094, 0.151214599609375, 0.1562643051147461]
['earthstar', '2023-09-14T20:25:26.290513', 0.004790306091308594, 0.12606382369995117, 0.13085412979125977]
['earthstar', '2023-09-14T20:25:30.408759', 0.004720449447631836, 0.12822484970092773, 0.13294529914855957]
['organ', '2023-09-14T20:25:34.478199', 0.0048961639404296875, 0.13203120231628418, 0.13692736625671387]
['beaker', '2023-09-14T20:25:38.607515', 0.0033731460571289062, 0.13200044631958008, 0.13537359237670898]
['sweatshirt', '2023-09-14T20:25:42.623234', 0.003101825714111328, 0.14249777793884277, 0.1455996036529541]
['Sealyham terrier', '2023-09-14T20:25:46.646205', 0.005161285400390625, 0.12906718254089355, 0.13422846794128418]
['bearskin', '2023-09-14T20:25:50.650114', 0.004791736602783203, 0.12535905838012695, 0.13015079498291016]
['moving van', '2023-09-14T20:25:54.705095', 0.004989147186279297, 0.128798246383667, 0.1337873935699463]
['throne', '2023-09-14T20:25:58.816024', 0.0050296783447265625, 0.13249826431274414, 0.1375279426574707]
['slide rule', '2023-09-14T20:26:02.933916', 0.004167795181274414, 0.1406567096710205, 0.14482450485229492]
['dugong', '2023-09-14T20:26:07.003963', 0.005068302154541016, 0.12943410873413086, 0.13450241088867188]
['ladybug', '2023-09-14T20:26:11.116515', 0.004445791244506836, 0.1296863555908203, 0.13413214683532715]
['cowboy boot', '2023-09-14T20:26:15.153238', 0.004754543304443359, 0.12415051460266113, 0.1289050579071045]
['mobile home', '2023-09-14T20:26:19.404836', 0.0020225048065185547, 0.13494443893432617, 0.13696694374084473]
['titi', '2023-09-14T20:26:23.589864', 0.004472494125366211, 0.1280839443206787, 0.13255643844604492]
['book jacket', '2023-09-14T20:26:27.776598', 0.004797697067260742, 0.13207554817199707, 0.1368732452392578]
['brain coral', '2023-09-14T20:26:31.777686', 0.004474163055419922, 0.1341385841369629, 0.1386127471923828]
['maraca', '2023-09-14T20:26:35.857630', 0.004491567611694336, 0.12906193733215332, 0.13355350494384766]
['monarch', '2023-09-14T20:26:39.965685', 0.004040241241455078, 0.13861680030822754, 0.14265704154968262]
['bullet train', '2023-09-14T20:26:43.961793', 0.00457453727722168, 0.12954306602478027, 0.13411760330200195]
['teapot', '2023-09-14T20:26:48.047365', 0.0038022994995117188, 0.12768888473510742, 0.13149118423461914]
['assault rifle', '2023-09-14T20:26:52.061548', 0.004575490951538086, 0.13360977172851562, 0.1381852626800537]
['milk can', '2023-09-14T20:26:56.110728', 0.0042841434478759766, 0.13210368156433105, 0.13638782501220703]
['potpie', '2023-09-14T20:27:00.178041', 0.003628969192504883, 0.13113737106323242, 0.1347663402557373]
['pedestal', '2023-09-14T20:27:04.391943', 0.0047266483306884766, 0.13407230377197266, 0.13879895210266113]
['thresher', '2023-09-14T20:27:08.413335', 0.004434347152709961, 0.13089561462402344, 0.1353299617767334]
['bolete', '2023-09-14T20:27:12.488783', 0.002388477325439453, 0.15257048606872559, 0.15495896339416504]
['fox squirrel', '2023-09-14T20:27:16.601445', 0.0049591064453125, 0.13193273544311523, 0.13689184188842773]
['orangutan', '2023-09-14T20:27:20.804740', 0.004697084426879883, 0.1366429328918457, 0.14134001731872559]
['guinea pig', '2023-09-14T20:27:24.959879', 0.0016436576843261719, 0.13205647468566895, 0.13370013236999512]
['drilling platform', '2023-09-14T20:27:29.081705', 0.005025148391723633, 0.12360525131225586, 0.1286303997039795]
['rock beauty', '2023-09-14T20:27:33.155309', 0.0035054683685302734, 0.13704586029052734, 0.14055132865905762]
['academic gown', '2023-09-14T20:27:37.266573', 0.005140542984008789, 0.13117480278015137, 0.13631534576416016]
['dugong', '2023-09-14T20:27:41.286601', 0.003143787384033203, 0.12811970710754395, 0.13126349449157715]
['beacon', '2023-09-14T20:27:45.312230', 0.003765583038330078, 0.12712478637695312, 0.1308903694152832]
['monastery', '2023-09-14T20:27:49.331560', 0.004464387893676758, 0.12853527069091797, 0.13299965858459473]
['earthstar', '2023-09-14T20:27:53.384404', 0.004561901092529297, 0.14029622077941895, 0.14485812187194824]
['triceratops', '2023-09-14T20:27:57.495274', 0.004525899887084961, 0.13157343864440918, 0.13609933853149414]
['brain coral', '2023-09-14T20:28:01.619233', 0.0052318572998046875, 0.13107967376708984, 0.13631153106689453]
['oboe', '2023-09-14T20:28:05.694016', 0.004192352294921875, 0.1285107135772705, 0.13270306587219238]
['fox squirrel', '2023-09-14T20:28:09.826880', 0.004851341247558594, 0.13027715682983398, 0.13512849807739258]
['golden retriever', '2023-09-14T20:28:13.859663', 0.005276918411254883, 0.1277475357055664, 0.1330244541168213]
['cocktail shaker', '2023-09-14T20:28:18.098025', 0.0035829544067382812, 0.13184857368469238, 0.13543152809143066]
['cliff dwelling', '2023-09-14T20:28:22.283509', 0.005165815353393555, 0.14315509796142578, 0.14832091331481934]
['lakeside', '2023-09-14T20:28:26.436106', 0.005132198333740234, 0.1290740966796875, 0.13420629501342773]
['hartebeest', '2023-09-14T20:28:30.441878', 0.005006313323974609, 0.14103484153747559, 0.1460411548614502]
['drilling platform', '2023-09-14T20:28:34.517282', 0.002644062042236328, 0.16230273246765137, 0.1649467945098877]
['golden retriever', '2023-09-14T20:28:38.666045', 0.0022470951080322266, 0.142897367477417, 0.14514446258544922]
['golden retriever', '2023-09-14T20:28:42.666620', 0.0036253929138183594, 0.1310286521911621, 0.13465404510498047]
['head cabbage', '2023-09-14T20:28:46.732541', 0.004574775695800781, 0.12880730628967285, 0.13338208198547363]
['hen-of-the-woods', '2023-09-14T20:28:50.742671', 0.004746913909912109, 0.13642048835754395, 0.14116740226745605]
['worm fence', '2023-09-14T20:28:54.778513', 0.003077268600463867, 0.14401912689208984, 0.1470963954925537]
['alp', '2023-09-14T20:28:58.823946', 0.0016872882843017578, 0.12656211853027344, 0.1282494068145752]
['nematode', '2023-09-14T20:29:03.006322', 0.004796743392944336, 0.12987732887268066, 0.134674072265625]
['Irish water spaniel', '2023-09-14T20:29:07.040337', 0.0045278072357177734, 0.12603402137756348, 0.13056182861328125]
['plate rack', '2023-09-14T20:29:11.137579', 0.004533529281616211, 0.12851810455322266, 0.13305163383483887]
['fox squirrel', '2023-09-14T20:29:15.213153', 0.0033152103424072266, 0.14316916465759277, 0.146484375]
['gondola', '2023-09-14T20:29:19.453897', 0.0026204586029052734, 0.13190460205078125, 0.13452506065368652]
['passenger car', '2023-09-14T20:29:23.641548', 0.004903078079223633, 0.12462091445922852, 0.12952399253845215]
['shoji', '2023-09-14T20:29:27.736073', 0.0052623748779296875, 0.12952828407287598, 0.13479065895080566]
['pay-phone', '2023-09-14T20:29:31.793662', 0.003026723861694336, 0.13080620765686035, 0.1338329315185547]
['baboon', '2023-09-14T20:29:35.900193', 0.0029408931732177734, 0.1279740333557129, 0.13091492652893066]
['coral reef', '2023-09-14T20:29:39.924467', 0.004513263702392578, 0.12983274459838867, 0.13434600830078125]
['electric ray', '2023-09-14T20:29:43.937741', 0.005012989044189453, 0.1301259994506836, 0.13513898849487305]
['fox squirrel', '2023-09-14T20:29:47.957865', 0.004981517791748047, 0.12649893760681152, 0.13148045539855957]
['dugong', '2023-09-14T20:29:52.013744', 0.005012989044189453, 0.1273033618927002, 0.13231635093688965]
['hot pot', '2023-09-14T20:29:56.125056', 0.0052068233489990234, 0.12525629997253418, 0.1304631233215332]
['tabby', '2023-09-14T20:30:00.243988', 0.004016399383544922, 0.13678359985351562, 0.14079999923706055]
['water tower', '2023-09-14T20:30:04.307662', 0.0020270347595214844, 0.1527729034423828, 0.1547999382019043]
['isopod', '2023-09-14T20:30:08.438075', 0.0042765140533447266, 0.12768101692199707, 0.1319575309753418]
['barometer', '2023-09-14T20:30:12.487024', 0.0019412040710449219, 0.13034510612487793, 0.13228631019592285]
['half track', '2023-09-14T20:30:16.698105', 0.00514984130859375, 0.13161492347717285, 0.1367647647857666]
['plunger', '2023-09-14T20:30:20.896842', 0.004746437072753906, 0.12786459922790527, 0.13261103630065918]
['torch', '2023-09-14T20:30:25.078988', 0.0049285888671875, 0.13045430183410645, 0.13538289070129395]
['partridge', '2023-09-14T20:30:29.086659', 0.005106687545776367, 0.12966012954711914, 0.1347668170928955]
['platypus', '2023-09-14T20:30:33.194752', 0.004591703414916992, 0.1500236988067627, 0.1546154022216797]
['planetarium', '2023-09-14T20:30:37.318842', 0.005105018615722656, 0.12559199333190918, 0.13069701194763184]
['screen', '2023-09-14T20:30:41.310130', 0.0047113895416259766, 0.12508678436279297, 0.12979817390441895]
['amphibian', '2023-09-14T20:30:45.401421', 0.0034151077270507812, 0.12946248054504395, 0.13287758827209473]
['spatula', '2023-09-14T20:30:49.418826', 0.0027227401733398438, 0.12757277488708496, 0.1302955150604248]
['stove', '2023-09-14T20:30:53.489022', 0.0024836063385009766, 0.13477110862731934, 0.1372547149658203]
['rotisserie', '2023-09-14T20:30:57.559989', 0.004621982574462891, 0.13040614128112793, 0.13502812385559082]
['lynx', '2023-09-14T20:31:01.775331', 0.004687309265136719, 0.12664055824279785, 0.13132786750793457]
['strawberry', '2023-09-14T20:31:05.833480', 0.004862785339355469, 0.1274867057800293, 0.13234949111938477]
['jellyfish', '2023-09-14T20:31:09.901359', 0.0026636123657226562, 0.1257648468017578, 0.12842845916748047]
['thresher', '2023-09-14T20:31:13.977839', 0.004518032073974609, 0.13564586639404297, 0.14016389846801758]
['thresher', '2023-09-14T20:31:18.197206', 0.0017056465148925781, 0.13170504570007324, 0.13341069221496582]
['typewriter keyboard', '2023-09-14T20:31:22.357588', 0.005045175552368164, 0.12615537643432617, 0.13120055198669434]
['thresher', '2023-09-14T20:31:26.448353', 0.003548145294189453, 0.14527583122253418, 0.14882397651672363]
['bearskin', '2023-09-14T20:31:30.539461', 0.00491786003112793, 0.13089942932128906, 0.135817289352417]
['Windsor tie', '2023-09-14T20:31:34.663050', 0.004960536956787109, 0.14000868797302246, 0.14496922492980957]
['abacus', '2023-09-14T20:31:38.673174', 0.0051975250244140625, 0.1321103572845459, 0.13730788230895996]
['lifeboat', '2023-09-14T20:31:42.687123', 0.0020208358764648438, 0.13317441940307617, 0.13519525527954102]
['Windsor tie', '2023-09-14T20:31:46.698851', 0.0028085708618164062, 0.1426386833190918, 0.1454472541809082]
['space shuttle', '2023-09-14T20:31:50.754268', 0.005082607269287109, 0.1336991786956787, 0.13878178596496582]
['panpipe', '2023-09-14T20:31:54.834567', 0.0038721561431884766, 0.12493395805358887, 0.12880611419677734]
['dugong', '2023-09-14T20:31:58.934565', 0.0030014514923095703, 0.1298367977142334, 0.13283824920654297]
['Windsor tie', '2023-09-14T20:32:03.009073', 0.004756927490234375, 0.13828015327453613, 0.1430370807647705]
['bullet train', '2023-09-14T20:32:07.114840', 0.004753828048706055, 0.13730454444885254, 0.1420583724975586]
['obelisk', '2023-09-14T20:32:11.147160', 0.005106210708618164, 0.12752652168273926, 0.13263273239135742]
['overskirt', '2023-09-14T20:32:15.389495', 0.0051157474517822266, 0.1318817138671875, 0.13699746131896973]
['sandbar', '2023-09-14T20:32:19.572833', 0.004659414291381836, 0.12800192832946777, 0.1326613426208496]
['spaghetti squash', '2023-09-14T20:32:23.729962', 0.0036246776580810547, 0.1304795742034912, 0.13410425186157227]
['reel', '2023-09-14T20:32:27.728566', 0.004458427429199219, 0.13237500190734863, 0.13683342933654785]
['lesser panda', '2023-09-14T20:32:31.807514', 0.0050411224365234375, 0.12508296966552734, 0.13012409210205078]
['jinrikisha', '2023-09-14T20:32:35.977966', 0.003608226776123047, 0.12465500831604004, 0.12826323509216309]
['barn spider', '2023-09-14T20:32:39.984418', 0.0016338825225830078, 0.12644481658935547, 0.12807869911193848]
['gondola', '2023-09-14T20:32:44.047647', 0.0052225589752197266, 0.12531805038452148, 0.1305406093597412]
['American lobster', '2023-09-14T20:32:48.055395', 0.002022266387939453, 0.15137219429016113, 0.15339446067810059]
['restaurant', '2023-09-14T20:32:52.127268', 0.004691362380981445, 0.12690448760986328, 0.13159584999084473]
['platypus', '2023-09-14T20:32:56.199928', 0.0052111148834228516, 0.12596344947814941, 0.13117456436157227]
['bannister', '2023-09-14T20:33:00.388786', 0.005026102066040039, 0.13025116920471191, 0.13527727127075195]
['frying pan', '2023-09-14T20:33:04.440486', 0.004766941070556641, 0.12641596794128418, 0.13118290901184082]
['barn spider', '2023-09-14T20:33:08.536577', 0.002460479736328125, 0.144545316696167, 0.14700579643249512]
['mobile home', '2023-09-14T20:33:12.616903', 0.004644632339477539, 0.12571477890014648, 0.13035941123962402]
['drilling platform', '2023-09-14T20:33:16.848105', 0.003721952438354492, 0.1271038055419922, 0.13082575798034668]
['honeycomb', '2023-09-14T20:33:20.999600', 0.004503488540649414, 0.13469934463500977, 0.13920283317565918]
['eft', '2023-09-14T20:33:25.118550', 0.0052509307861328125, 0.12820816040039062, 0.13345909118652344]
['slide rule', '2023-09-14T20:33:29.189402', 0.00448155403137207, 0.12820100784301758, 0.13268256187438965]
['bullet train', '2023-09-14T20:33:33.325523', 0.0050618648529052734, 0.12325692176818848, 0.12831878662109375]
['comic book', '2023-09-14T20:33:37.330630', 0.0037903785705566406, 0.1296243667602539, 0.13341474533081055]
['oil filter', '2023-09-14T20:33:41.363133', 0.004549264907836914, 0.13658404350280762, 0.14113330841064453]
['bagel', '2023-09-14T20:33:45.383042', 0.0047452449798583984, 0.12569260597229004, 0.13043785095214844]
['frilled lizard', '2023-09-14T20:33:49.435443', 0.004921674728393555, 0.13251876831054688, 0.13744044303894043]
['custard apple', '2023-09-14T20:33:53.538698', 0.0027379989624023438, 0.13226675987243652, 0.13500475883483887]
['lion', '2023-09-14T20:33:57.658376', 0.004489421844482422, 0.12671804428100586, 0.13120746612548828]
['whiskey jug', '2023-09-14T20:34:01.735382', 0.005149126052856445, 0.12957406044006348, 0.13472318649291992]
['hot pot', '2023-09-14T20:34:05.839982', 0.003712177276611328, 0.12916779518127441, 0.13287997245788574]
['worm fence', '2023-09-14T20:34:09.857997', 0.0031290054321289062, 0.14602303504943848, 0.14915204048156738]
['prayer rug', '2023-09-14T20:34:14.072829', 0.0018405914306640625, 0.12698864936828613, 0.1288292407989502]
['bassinet', '2023-09-14T20:34:18.278982', 0.005021810531616211, 0.12575030326843262, 0.13077211380004883]
['oil filter', '2023-09-14T20:34:22.434682', 0.003695964813232422, 0.13143277168273926, 0.13512873649597168]
['bearskin', '2023-09-14T20:34:26.434819', 0.004234790802001953, 0.13307857513427734, 0.1373133659362793]
['barn spider', '2023-09-14T20:34:30.513753', 0.0043637752532958984, 0.13474631309509277, 0.13911008834838867]
['overskirt', '2023-09-14T20:34:34.639288', 0.004958629608154297, 0.12708425521850586, 0.13204288482666016]
['eggnog', '2023-09-14T20:34:38.624300', 0.003747224807739258, 0.12837600708007812, 0.13212323188781738]
['three-toed sloth', '2023-09-14T20:34:42.681768', 0.004015207290649414, 0.12958765029907227, 0.13360285758972168]
['daisy', '2023-09-14T20:34:46.699401', 0.004535198211669922, 0.13165855407714844, 0.13619375228881836]
['neck brace', '2023-09-14T20:34:50.743663', 0.003852367401123047, 0.1319751739501953, 0.13582754135131836]
['African hunting dog', '2023-09-14T20:34:54.828251', 0.004901409149169922, 0.12423110008239746, 0.12913250923156738]
['frilled lizard', '2023-09-14T20:34:59.040902', 0.003567934036254883, 0.12528347969055176, 0.12885141372680664]
['strawberry', '2023-09-14T20:35:03.072695', 0.004967212677001953, 0.12498760223388672, 0.12995481491088867]
['panpipe', '2023-09-14T20:35:07.170695', 0.0016925334930419922, 0.13264250755310059, 0.13433504104614258]
['lifeboat', '2023-09-14T20:35:11.248037', 0.0046520233154296875, 0.14369535446166992, 0.1483473777770996]
['bearskin', '2023-09-14T20:35:15.446462', 0.002995014190673828, 0.1339111328125, 0.13690614700317383]
['flatworm', '2023-09-14T20:35:19.634790', 0.0051174163818359375, 0.1303560733795166, 0.13547348976135254]
['barn spider', '2023-09-14T20:35:27.804664', 0.004864931106567383, 0.14208269119262695, 0.14694762229919434]
['passenger car', '2023-09-14T20:35:31.900540', 0.003170490264892578, 0.13716697692871094, 0.14033746719360352]
['hourglass', '2023-09-14T20:35:35.923284', 0.0034637451171875, 0.125532865524292, 0.1289966106414795]
['chain mail', '2023-09-14T20:35:39.959818', 0.004449605941772461, 0.12514543533325195, 0.12959504127502441]
['barn spider', '2023-09-14T20:35:43.974369', 0.0037801265716552734, 0.12634491920471191, 0.1301250457763672]
['alp', '2023-09-14T20:35:48.030462', 0.004995822906494141, 0.13010144233703613, 0.13509726524353027]
['leatherback turtle', '2023-09-14T20:35:52.111092', 0.005063772201538086, 0.1326603889465332, 0.1377241611480713]
['agaric', '2023-09-14T20:36:00.305652', 0.004636287689208984, 0.13015031814575195, 0.13478660583496094]
['German shepherd', '2023-09-14T20:36:04.414610', 0.0019767284393310547, 0.12699508666992188, 0.12897181510925293]
['strawberry', '2023-09-14T20:36:08.471977', 0.004385471343994141, 0.12800073623657227, 0.1323862075805664]
['cliff dwelling', '2023-09-14T20:36:12.691133', 0.004343986511230469, 0.1318039894104004, 0.13614797592163086]
['cardigan', '2023-09-14T20:36:16.875897', 0.004774332046508789, 0.12478399276733398, 0.12955832481384277]
['oboe', '2023-09-14T20:36:21.026237', 0.0025653839111328125, 0.13927793502807617, 0.14184331893920898]
['barn', '2023-09-14T20:36:25.031448', 0.004796266555786133, 0.12663578987121582, 0.13143205642700195]
['grey whale', '2023-09-14T20:36:29.140916', 0.00525355339050293, 0.13012099266052246, 0.1353745460510254]
['bearskin', '2023-09-14T20:36:33.245671', 0.003662109375, 0.13460230827331543, 0.13826441764831543]
['chain', '2023-09-14T20:36:37.252903', 0.005064487457275391, 0.1282191276550293, 0.1332836151123047]
['milk can', '2023-09-14T20:36:41.339811', 0.004697084426879883, 0.15146207809448242, 0.1561591625213623]
['bannister', '2023-09-14T20:36:45.350802', 0.004889249801635742, 0.12740468978881836, 0.1322939395904541]
['whiskey jug', '2023-09-14T20:36:49.399299', 0.004545450210571289, 0.12563681602478027, 0.13018226623535156]
['kimono', '2023-09-14T20:36:53.466684', 0.00484776496887207, 0.1302940845489502, 0.13514184951782227]
['barn spider', '2023-09-14T20:36:57.655494', 0.004610776901245117, 0.12942743301391602, 0.13403820991516113]
['tobacco shop', '2023-09-14T20:37:01.678282', 0.0049707889556884766, 0.12439346313476562, 0.1293642520904541]
['beaker', '2023-09-14T20:37:05.747771', 0.001735687255859375, 0.12590265274047852, 0.1276383399963379]
['rock beauty', '2023-09-14T20:37:09.807618', 0.0022962093353271484, 0.12943625450134277, 0.13173246383666992]
['cardoon', '2023-09-14T20:37:14.008906', 0.0027723312377929688, 0.1402606964111328, 0.14303302764892578]
['monastery', '2023-09-14T20:37:18.183877', 0.0016446113586425781, 0.12410926818847656, 0.12575387954711914]
['lesser panda', '2023-09-14T20:37:22.275852', 0.004944324493408203, 0.12789630889892578, 0.13284063339233398]
['maraca', '2023-09-14T20:37:26.347804', 0.004438638687133789, 0.1329479217529297, 0.13738656044006348]
['thresher', '2023-09-14T20:37:30.511178', 0.003869295120239258, 0.12628388404846191, 0.13015317916870117]
['fox squirrel', '2023-09-14T20:37:34.530756', 0.0051288604736328125, 0.12792491912841797, 0.13305377960205078]
['bulletproof vest', '2023-09-14T20:37:38.560329', 0.004218101501464844, 0.12520265579223633, 0.12942075729370117]
['mashed potato', '2023-09-14T20:37:42.601193', 0.004086732864379883, 0.12691712379455566, 0.13100385665893555]
['projectile', '2023-09-14T20:37:46.653439', 0.004475593566894531, 0.1256415843963623, 0.13011717796325684]
['custard apple', '2023-09-14T20:37:50.761123', 0.0016486644744873047, 0.12689757347106934, 0.12854623794555664]
['moving van', '2023-09-14T20:37:54.876148', 0.00473785400390625, 0.1272907257080078, 0.13202857971191406]
['tick', '2023-09-14T20:37:58.953960', 0.00500798225402832, 0.12840938568115234, 0.13341736793518066]
['typewriter keyboard', '2023-09-14T20:38:03.086093', 0.002947092056274414, 0.15247678756713867, 0.15542387962341309]
['dogsled', '2023-09-14T20:38:07.118930', 0.004671573638916016, 0.13744115829467773, 0.14211273193359375]
['cardoon', '2023-09-14T20:38:11.366069', 0.0041255950927734375, 0.12978291511535645, 0.13390851020812988]
['ocarina', '2023-09-14T20:38:15.535582', 0.005181789398193359, 0.12587833404541016, 0.13106012344360352]
['gong', '2023-09-14T20:38:19.725210', 0.004466056823730469, 0.12939929962158203, 0.1338653564453125]
['barn spider', '2023-09-14T20:38:23.716432', 0.004282236099243164, 0.1488182544708252, 0.15310049057006836]
['worm fence', '2023-09-14T20:38:27.801839', 0.002184629440307617, 0.13039660453796387, 0.13258123397827148]
['German shepherd', '2023-09-14T20:38:31.954622', 0.00444483757019043, 0.12512969970703125, 0.12957453727722168]
['passenger car', '2023-09-14T20:38:35.944745', 0.004846334457397461, 0.1278398036956787, 0.13268613815307617]
['chiffonier', '2023-09-14T20:38:40.026857', 0.004524946212768555, 0.13134479522705078, 0.13586974143981934]
['fire screen', '2023-09-14T20:38:44.039298', 0.0025060176849365234, 0.14545512199401855, 0.14796113967895508]
['dragonfly', '2023-09-14T20:38:48.111363', 0.004599332809448242, 0.13337206840515137, 0.1379714012145996]
['velvet', '2023-09-14T20:38:52.180541', 0.00333404541015625, 0.12680959701538086, 0.1301436424255371]
['acorn', '2023-09-14T20:38:56.366069', 0.005148887634277344, 0.12790799140930176, 0.1330568790435791]
['trilobite', '2023-09-14T20:39:00.418649', 0.0037751197814941406, 0.12514615058898926, 0.1289212703704834]
['sea slug', '2023-09-14T20:39:04.492087', 0.0044384002685546875, 0.1302649974822998, 0.1347033977508545]
['tobacco shop', '2023-09-14T20:39:08.597345', 0.004732608795166016, 0.13065648078918457, 0.13538908958435059]
['bearskin', '2023-09-14T20:39:12.831962', 0.005132436752319336, 0.12488889694213867, 0.130021333694458]
['flute', '2023-09-14T20:39:16.983639', 0.005048274993896484, 0.12729716300964355, 0.13234543800354004]
['throne', '2023-09-14T20:39:21.111817', 0.00457310676574707, 0.13085508346557617, 0.13542819023132324]
['pedestal', '2023-09-14T20:39:25.190757', 0.004382133483886719, 0.14052367210388184, 0.14490580558776855]
['barn spider', '2023-09-14T20:39:29.310173', 0.004675149917602539, 0.13595318794250488, 0.14062833786010742]
['barn spider', '2023-09-14T20:39:33.353759', 0.0051119327545166016, 0.12613153457641602, 0.13124346733093262]
['oil filter', '2023-09-14T20:39:37.376087', 0.004489421844482422, 0.12810897827148438, 0.1325984001159668]
['academic gown', '2023-09-14T20:39:41.420451', 0.0044519901275634766, 0.12731599807739258, 0.13176798820495605]
['lakeside', '2023-09-14T20:39:45.478115', 0.004537343978881836, 0.13833308219909668, 0.14287042617797852]
['barn spider', '2023-09-14T20:39:49.582019', 0.003401517868041992, 0.13160157203674316, 0.13500308990478516]
['loupe', '2023-09-14T20:39:53.684313', 0.004936933517456055, 0.12651586532592773, 0.1314527988433838]
['fire screen', '2023-09-14T20:39:57.747957', 0.003905057907104492, 0.1256723403930664, 0.1295773983001709]
['platypus', '2023-09-14T20:40:01.850173', 0.0026292800903320312, 0.12691950798034668, 0.1295487880706787]
['turnstile', '2023-09-14T20:40:05.908952', 0.003070831298828125, 0.1481189727783203, 0.15118980407714844]
['German short-haired pointer', '2023-09-14T20:40:10.132248', 0.005306243896484375, 0.13506269454956055, 0.14036893844604492]
['long-horned beetle', '2023-09-14T20:40:14.339784', 0.003939151763916016, 0.129791259765625, 0.13373041152954102]
['lipstick', '2023-09-14T20:40:18.503323', 0.005101203918457031, 0.126356840133667, 0.13145804405212402]
['cassette player', '2023-09-14T20:40:22.491178', 0.0034618377685546875, 0.1392669677734375, 0.1427288055419922]
['assault rifle', '2023-09-14T20:40:26.577095', 0.0038471221923828125, 0.1321873664855957, 0.13603448867797852]
['frilled lizard', '2023-09-14T20:40:30.700617', 0.0050885677337646484, 0.1289987564086914, 0.13408732414245605]
['jellyfish', '2023-09-14T20:40:34.700417', 0.002651691436767578, 0.13016772270202637, 0.13281941413879395]
['snorkel', '2023-09-14T20:40:38.768856', 0.005204200744628906, 0.13243937492370605, 0.13764357566833496]
['lifeboat', '2023-09-14T20:40:42.781219', 0.0016772747039794922, 0.12914562225341797, 0.13082289695739746]
['electric ray', '2023-09-14T20:40:46.813913', 0.0049304962158203125, 0.13672494888305664, 0.14165544509887695]
['sidewinder', '2023-09-14T20:40:50.884758', 0.0027701854705810547, 0.12605881690979004, 0.1288290023803711]
['solar dish', '2023-09-14T20:40:55.056915', 0.002705097198486328, 0.15150141716003418, 0.1542065143585205]
['cassette player', '2023-09-14T20:40:59.080237', 0.0038204193115234375, 0.12729263305664062, 0.13111305236816406]
['seashore', '2023-09-14T20:41:03.181752', 0.005167722702026367, 0.1288914680480957, 0.13405919075012207]
['theater curtain', '2023-09-14T20:41:11.515774', 0.004431486129760742, 0.12899065017700195, 0.1334221363067627]
['boathouse', '2023-09-14T20:41:15.674960', 0.00400543212890625, 0.14607524871826172, 0.15008068084716797]
['Egyptian cat', '2023-09-14T20:41:19.775574', 0.003565073013305664, 0.13213658332824707, 0.13570165634155273]
['jellyfish', '2023-09-14T20:41:23.846761', 0.005051136016845703, 0.12737107276916504, 0.13242220878601074]
['curly-coated retriever', '2023-09-14T20:41:27.947189', 0.004624366760253906, 0.15259099006652832, 0.15721535682678223]
['barn spider', '2023-09-14T20:41:31.958386', 0.005045175552368164, 0.12725090980529785, 0.13229608535766602]
['golden retriever', '2023-09-14T20:41:35.969595', 0.002039194107055664, 0.13139796257019043, 0.1334371566772461]
['oil filter', '2023-09-14T20:41:39.987505', 0.004450082778930664, 0.12630081176757812, 0.1307508945465088]
['standard poodle', '2023-09-14T20:41:44.042592', 0.004445552825927734, 0.127333402633667, 0.13177895545959473]
['pirate', '2023-09-14T20:41:48.130201', 0.001840353012084961, 0.1386418342590332, 0.14048218727111816]
['punching bag', '2023-09-14T20:41:52.251836', 0.0051727294921875, 0.12823247909545898, 0.13340520858764648]
['space shuttle', '2023-09-14T20:41:56.311967', 0.0046389102935791016, 0.1313459873199463, 0.1359848976135254]
['freight car', '2023-09-14T20:42:00.426144', 0.004415273666381836, 0.12510919570922852, 0.12952446937561035]
['bolo tie', '2023-09-14T20:42:04.458784', 0.005081892013549805, 0.13373374938964844, 0.13881564140319824]
['letter opener', '2023-09-14T20:42:08.681816', 0.004472255706787109, 0.13403701782226562, 0.13850927352905273]
['black stork', '2023-09-14T20:42:12.869281', 0.005263090133666992, 0.12590765953063965, 0.13117074966430664]
['face powder', '2023-09-14T20:42:17.043634', 0.002965688705444336, 0.15402507781982422, 0.15699076652526855]
['fire screen', '2023-09-14T20:42:21.054260', 0.004415273666381836, 0.1318049430847168, 0.13622021675109863]
['sidewinder', '2023-09-14T20:42:25.160333', 0.0049479007720947266, 0.1338512897491455, 0.13879919052124023]
['sidewinder', '2023-09-14T20:42:29.297409', 0.00504755973815918, 0.12478470802307129, 0.12983226776123047]
['stopwatch', '2023-09-14T20:42:33.295728', 0.004100322723388672, 0.13215851783752441, 0.13625884056091309]
['monastery', '2023-09-14T20:42:37.347452', 0.0030896663665771484, 0.14400959014892578, 0.14709925651550293]
['isopod', '2023-09-14T20:42:41.388287', 0.005052804946899414, 0.12732315063476562, 0.13237595558166504]
['half track', '2023-09-14T20:42:45.427328', 0.003908872604370117, 0.13217735290527344, 0.13608622550964355]
['abacus', '2023-09-14T20:42:49.476809', 0.00307464599609375, 0.13218355178833008, 0.13525819778442383]
['acoustic guitar', '2023-09-14T20:42:53.655771', 0.0030205249786376953, 0.129957914352417, 0.1329784393310547]
['remote control', '2023-09-14T20:42:57.685929', 0.005186796188354492, 0.15350055694580078, 0.15868735313415527]
['amphibian', '2023-09-14T20:43:01.760833', 0.005104780197143555, 0.1305997371673584, 0.13570451736450195]
['platypus', '2023-09-14T20:43:05.822591', 0.0045604705810546875, 0.12709641456604004, 0.13165688514709473]
['bell pepper', '2023-09-14T20:43:10.042002', 0.003657102584838867, 0.1321094036102295, 0.13576650619506836]
['bluetick', '2023-09-14T20:43:14.218608', 0.004581451416015625, 0.12650203704833984, 0.13108348846435547]
['milk can', '2023-09-14T20:43:18.319294', 0.005076885223388672, 0.12626290321350098, 0.13133978843688965]
['lemon', '2023-09-14T20:43:22.410460', 0.004837751388549805, 0.15124249458312988, 0.1560802459716797]
['water tower', '2023-09-14T20:43:26.522263', 0.004933834075927734, 0.12530183792114258, 0.1302356719970703]
['jinrikisha', '2023-09-14T20:43:30.536570', 0.004559755325317383, 0.1305556297302246, 0.135115385055542]
['trolleybus', '2023-09-14T20:43:34.561674', 0.004024505615234375, 0.1296536922454834, 0.13367819786071777]
['overskirt', '2023-09-14T20:43:38.577792', 0.004402875900268555, 0.12655282020568848, 0.13095569610595703]
['plate rack', '2023-09-14T20:43:42.626592', 0.004572391510009766, 0.1259932518005371, 0.13056564331054688]
['fire screen', '2023-09-14T20:43:46.732355', 0.0016596317291259766, 0.12705373764038086, 0.12871336936950684]
['hourglass', '2023-09-14T20:43:50.829737', 0.005124568939208984, 0.13322949409484863, 0.13835406303405762]
['earthstar', '2023-09-14T20:43:54.902202', 0.004420757293701172, 0.12979555130004883, 0.13421630859375]
['bulletproof vest', '2023-09-14T20:43:58.998151', 0.0022678375244140625, 0.14233756065368652, 0.14460539817810059]
['football helmet', '2023-09-14T20:44:07.249762', 0.00444793701171875, 0.12445378303527832, 0.12890172004699707]
['spaghetti squash', '2023-09-14T20:44:11.424007', 0.004743337631225586, 0.12566375732421875, 0.13040709495544434]
['king penguin', '2023-09-14T20:44:15.603930', 0.004489421844482422, 0.12658405303955078, 0.1310734748840332]
['fig', '2023-09-14T20:44:19.613718', 0.0050084590911865234, 0.13019847869873047, 0.135206937789917]
['letter opener', '2023-09-14T20:44:23.714086', 0.004863739013671875, 0.13070201873779297, 0.13556575775146484]
['lesser panda', '2023-09-14T20:44:27.863801', 0.004544734954833984, 0.12490987777709961, 0.1294546127319336]
['vestment', '2023-09-14T20:44:31.865264', 0.005031108856201172, 0.13805627822875977, 0.14308738708496094]
['school bus', '2023-09-14T20:44:35.957380', 0.0016734600067138672, 0.12340140342712402, 0.1250748634338379]
['lemon', '2023-09-14T20:44:39.964817', 0.004859447479248047, 0.13100957870483398, 0.13586902618408203]
['safe', '2023-09-14T20:44:44.015234', 0.003354310989379883, 0.12567424774169922, 0.1290285587310791]
['barn spider', '2023-09-14T20:44:52.263245', 0.005147695541381836, 0.12571406364440918, 0.13086175918579102]
['guillotine', '2023-09-14T20:44:56.318975', 0.004810333251953125, 0.12972474098205566, 0.1345350742340088]
['barn spider', '2023-09-14T20:45:00.394599', 0.0051364898681640625, 0.1259455680847168, 0.13108205795288086]
['Irish water spaniel', '2023-09-14T20:45:04.500444', 0.004596710205078125, 0.12953686714172363, 0.13413357734680176]
['hog', '2023-09-14T20:45:08.735905', 0.0031871795654296875, 0.12844324111938477, 0.13163042068481445]
['gong', '2023-09-14T20:45:12.903025', 0.0050318241119384766, 0.12604975700378418, 0.13108158111572266]
['eggnog', '2023-09-14T20:45:16.990972', 0.003279447555541992, 0.13051438331604004, 0.13379383087158203]
['water tower', '2023-09-14T20:45:21.066283', 0.002166271209716797, 0.13894891738891602, 0.1411151885986328]
['Windsor tie', '2023-09-14T20:45:25.205224', 0.0018351078033447266, 0.12958240509033203, 0.13141751289367676]
['chain mail', '2023-09-14T20:45:29.220747', 0.005060911178588867, 0.13040566444396973, 0.1354665756225586]
['nail', '2023-09-14T20:45:33.247284', 0.004642486572265625, 0.12902116775512695, 0.13366365432739258]
['Chihuahua', '2023-09-14T20:45:37.291974', 0.004994869232177734, 0.13276052474975586, 0.1377553939819336]
['airship', '2023-09-14T20:45:41.348503', 0.004475116729736328, 0.15229296684265137, 0.1567680835723877]
['chimpanzee', '2023-09-14T20:45:45.418684', 0.0017583370208740234, 0.12781190872192383, 0.12957024574279785]
['worm fence', '2023-09-14T20:45:49.527471', 0.004396677017211914, 0.12566494941711426, 0.13006162643432617]
['slot', '2023-09-14T20:45:53.599750', 0.005048990249633789, 0.12844109535217285, 0.13349008560180664]
['ballplayer', '2023-09-14T20:45:57.701301', 0.004694938659667969, 0.1280059814453125, 0.13270092010498047]
['tabby', '2023-09-14T20:46:01.707141', 0.0021076202392578125, 0.14396977424621582, 0.14607739448547363]
['table lamp', '2023-09-14T20:46:05.932357', 0.004569292068481445, 0.1300804615020752, 0.13464975357055664]
['vestment', '2023-09-14T20:46:10.159829', 0.0044727325439453125, 0.12664246559143066, 0.13111519813537598]
['Sealyham terrier', '2023-09-14T20:46:14.316610', 0.002834320068359375, 0.12873291969299316, 0.13156723976135254]
['whiskey jug', '2023-09-14T20:46:18.314771', 0.004801034927368164, 0.12856531143188477, 0.13336634635925293]
['barn spider', '2023-09-14T20:46:22.400669', 0.0045125484466552734, 0.14990615844726562, 0.1544187068939209]
['basketball', '2023-09-14T20:46:26.515953', 0.004674434661865234, 0.12720870971679688, 0.1318831443786621]
['chiffonier', '2023-09-14T20:46:30.506650', 0.0035982131958007812, 0.14855337142944336, 0.15215158462524414]
['bearskin', '2023-09-14T20:46:34.572975', 0.0051305294036865234, 0.12518930435180664, 0.13031983375549316]
['tobacco shop', '2023-09-14T20:46:38.585432', 0.0045528411865234375, 0.12660813331604004, 0.13116097450256348]
['maillot tank suit', '2023-09-14T20:46:46.720030', 0.004257678985595703, 0.12596964836120605, 0.13022732734680176]
['confectionery', '2023-09-14T20:46:50.896763', 0.0021562576293945312, 0.13799500465393066, 0.1401512622833252]
['monastery', '2023-09-14T20:46:54.948670', 0.004639863967895508, 0.12929940223693848, 0.13393926620483398]
['basketball', '2023-09-14T20:46:59.022483', 0.00545811653137207, 0.1357576847076416, 0.14121580123901367]
['whiskey jug', '2023-09-14T20:47:03.076238', 0.003567218780517578, 0.12616348266601562, 0.1297307014465332]
['space bar', '2023-09-14T20:47:07.313500', 0.0032324790954589844, 0.12354612350463867, 0.12677860260009766]
['thresher', '2023-09-14T20:47:11.474520', 0.0027883052825927734, 0.13463664054870605, 0.13742494583129883]
['oboe', '2023-09-14T20:47:15.567185', 0.0016894340515136719, 0.12392616271972656, 0.12561559677124023]
['hen-of-the-woods', '2023-09-14T20:47:19.633322', 0.004668712615966797, 0.12773418426513672, 0.13240289688110352]
['oboe', '2023-09-14T20:47:23.751838', 0.0045588016510009766, 0.12672162055969238, 0.13128042221069336]
['oil filter', '2023-09-14T20:47:27.773431', 0.005347251892089844, 0.12944507598876953, 0.13479232788085938]
['punching bag', '2023-09-14T20:47:31.802805', 0.003907442092895508, 0.12574338912963867, 0.12965083122253418]
['guillotine', '2023-09-14T20:47:35.821455', 0.004483699798583984, 0.12844491004943848, 0.13292860984802246]
['drilling platform', '2023-09-14T20:47:39.867325', 0.005222320556640625, 0.1347825527191162, 0.14000487327575684]
['maypole', '2023-09-14T20:47:43.952115', 0.004641532897949219, 0.12404847145080566, 0.12869000434875488]
['frying pan', '2023-09-14T20:47:52.147328', 0.004385709762573242, 0.12464690208435059, 0.12903261184692383]
['toyshop', '2023-09-14T20:47:56.278002', 0.0019707679748535156, 0.12726092338562012, 0.12923169136047363]
['hand-held computer', '2023-09-14T20:48:00.335076', 0.0046765804290771484, 0.12466692924499512, 0.12934350967407227]
['Walker hound', '2023-09-14T20:48:04.555459', 0.004953861236572266, 0.12303996086120605, 0.12799382209777832]
['chain mail', '2023-09-14T20:48:08.751212', 0.0048427581787109375, 0.12852001190185547, 0.1333627700805664]
['whistle', '2023-09-14T20:48:12.899755', 0.002122640609741211, 0.1602473258972168, 0.162369966506958]
['throne', '2023-09-14T20:48:16.898893', 0.004008054733276367, 0.13219714164733887, 0.13620519638061523]
['marmoset', '2023-09-14T20:48:21.000323', 0.0045506954193115234, 0.13089895248413086, 0.13544964790344238]
['barn spider', '2023-09-14T20:48:25.114907', 0.004585981369018555, 0.12275886535644531, 0.12734484672546387]
['thresher', '2023-09-14T20:48:29.128905', 0.0016283988952636719, 0.1285417079925537, 0.13017010688781738]
['green mamba', '2023-09-14T20:48:33.189280', 0.003839254379272461, 0.14746761322021484, 0.1513068675994873]
['bulletproof vest', '2023-09-14T20:48:37.194476', 0.003809213638305664, 0.1273789405822754, 0.13118815422058105]
['tobacco shop', '2023-09-14T20:48:41.238443', 0.0036704540252685547, 0.12890195846557617, 0.13257241249084473]
['table lamp', '2023-09-14T20:48:45.316254', 0.004949331283569336, 0.12994003295898438, 0.1348893642425537]
['rock beauty', '2023-09-14T20:48:49.516935', 0.004685878753662109, 0.12569785118103027, 0.13038372993469238]
['thresher', '2023-09-14T20:48:53.539713', 0.0017113685607910156, 0.14841103553771973, 0.15012240409851074]
['milk can', '2023-09-14T20:48:57.619999', 0.00447392463684082, 0.12435626983642578, 0.1288301944732666]
['prayer rug', '2023-09-14T20:49:01.722082', 0.004745960235595703, 0.13099169731140137, 0.13573765754699707]
['Newfoundland', '2023-09-14T20:49:05.939590', 0.005004405975341797, 0.138594388961792, 0.1435987949371338]
['eggnog', '2023-09-14T20:49:10.088852', 0.004528999328613281, 0.12700653076171875, 0.13153553009033203]
['siamang', '2023-09-14T20:49:14.182813', 0.0036237239837646484, 0.1297283172607422, 0.13335204124450684]
['plane', '2023-09-14T20:49:26.398248', 0.003490924835205078, 0.13241171836853027, 0.13590264320373535]
['trolleybus', '2023-09-14T20:49:30.445274', 0.0035715103149414062, 0.1373128890991211, 0.1408843994140625]
['grey whale', '2023-09-14T20:49:34.467170', 0.005098581314086914, 0.13178133964538574, 0.13687992095947266]
['albatross', '2023-09-14T20:49:38.518194', 0.0039730072021484375, 0.1260390281677246, 0.13001203536987305]
['book jacket', '2023-09-14T20:49:42.603481', 0.005059003829956055, 0.12451767921447754, 0.1295766830444336]
['chain mail', '2023-09-14T20:49:46.693990', 0.005003213882446289, 0.12801480293273926, 0.13301801681518555]
['school bus', '2023-09-14T20:49:50.773380', 0.004233121871948242, 0.12771129608154297, 0.1319444179534912]
['German shepherd', '2023-09-14T20:49:58.922912', 0.004048824310302734, 0.1312708854675293, 0.13531970977783203]
['platypus', '2023-09-14T20:50:03.138470', 0.002655029296875, 0.1472001075744629, 0.1498551368713379]
['sloth bear', '2023-09-14T20:50:07.324437', 0.004509449005126953, 0.12867021560668945, 0.1331796646118164]
['jersey', '2023-09-14T20:50:11.493940', 0.0016841888427734375, 0.12807559967041016, 0.1297597885131836]
['tailed frog', '2023-09-14T20:50:15.504548', 0.0051190853118896484, 0.12445306777954102, 0.12957215309143066]
['snail', '2023-09-14T20:50:19.591787', 0.004953145980834961, 0.12490320205688477, 0.12985634803771973]
['gondola', '2023-09-14T20:50:23.705830', 0.004575014114379883, 0.12809228897094727, 0.13266730308532715]
['frilled lizard', '2023-09-14T20:50:27.702012', 0.004707813262939453, 0.12830448150634766, 0.1330122947692871]
['mobile home', '2023-09-14T20:50:31.761263', 0.005338191986083984, 0.12940430641174316, 0.13474249839782715]
['space heater', '2023-09-14T20:50:35.781132', 0.0046482086181640625, 0.12783551216125488, 0.13248372077941895]
['limpkin', '2023-09-14T20:50:39.829323', 0.004967927932739258, 0.12790298461914062, 0.13287091255187988]
['cassette player', '2023-09-14T20:50:43.897003', 0.005156517028808594, 0.13116168975830078, 0.13631820678710938]
['worm fence', '2023-09-14T20:50:48.084248', 0.0049266815185546875, 0.12497854232788086, 0.12990522384643555]
['hen-of-the-woods', '2023-09-14T20:50:52.115889', 0.004751443862915039, 0.1296689510345459, 0.13442039489746094]
['poncho', '2023-09-14T20:50:56.183102', 0.005047798156738281, 0.1273949146270752, 0.13244271278381348]
['velvet', '2023-09-14T20:51:00.263756', 0.0049784183502197266, 0.12839078903198242, 0.13336920738220215]
['cardigan', '2023-09-14T20:51:04.475852', 0.0016584396362304688, 0.1370716094970703, 0.13873004913330078]
['lawn mower', '2023-09-14T20:51:08.636662', 0.0023398399353027344, 0.16406655311584473, 0.16640639305114746]
['vine snake', '2023-09-14T20:51:16.796004', 0.003634929656982422, 0.1695258617401123, 0.17316079139709473]
['eggnog', '2023-09-14T20:51:20.913650', 0.003766298294067383, 0.13721966743469238, 0.14098596572875977]
['fox squirrel', '2023-09-14T20:51:24.921365', 0.0030488967895507812, 0.14941930770874023, 0.15246820449829102]
['worm fence', '2023-09-14T20:51:32.980592', 0.004544258117675781, 0.13126730918884277, 0.13581156730651855]
['magnetic compass', '2023-09-14T20:51:37.034861', 0.004152774810791016, 0.13111424446105957, 0.13526701927185059]
['magnetic compass', '2023-09-14T20:51:41.145089', 0.004793882369995117, 0.1278374195098877, 0.1326313018798828]
['worm fence', '2023-09-14T20:51:45.234783', 0.004027366638183594, 0.14769911766052246, 0.15172648429870605]
['chain saw', '2023-09-14T20:51:49.312068', 0.005103349685668945, 0.1261742115020752, 0.13127756118774414]
['Irish water spaniel', '2023-09-14T20:51:53.418472', 0.0050547122955322266, 0.1298058032989502, 0.13486051559448242]
['throne', '2023-09-14T20:51:57.448412', 0.004947662353515625, 0.1289196014404297, 0.1338672637939453]
['moving van', '2023-09-14T20:52:01.668428', 0.004822969436645508, 0.13164186477661133, 0.13646483421325684]
['plastic bag', '2023-09-14T20:52:05.876520', 0.003077268600463867, 0.1313464641571045, 0.13442373275756836]
['dam', '2023-09-14T20:52:10.033993', 0.004944324493408203, 0.12681150436401367, 0.13175582885742188]
['overskirt', '2023-09-14T20:52:14.024777', 0.004584789276123047, 0.1311793327331543, 0.13576412200927734]
['drilling platform', '2023-09-14T20:52:18.112198', 0.0021135807037353516, 0.12888646125793457, 0.13100004196166992]
['moving van', '2023-09-14T20:52:22.238293', 0.002839326858520508, 0.12404060363769531, 0.12687993049621582]
['Japanese spaniel', '2023-09-14T20:52:26.239621', 0.004227638244628906, 0.131575345993042, 0.1358029842376709]
['beacon', '2023-09-14T20:52:30.324771', 0.004687070846557617, 0.1293044090270996, 0.13399147987365723]
['cauliflower', '2023-09-14T20:52:34.328062', 0.0047991275787353516, 0.12557268142700195, 0.1303718090057373]
['cardoon', '2023-09-14T20:52:38.377393', 0.004531383514404297, 0.13297533988952637, 0.13750672340393066]
['shoji', '2023-09-14T20:52:42.469931', 0.004464387893676758, 0.12783408164978027, 0.13229846954345703]
['Windsor tie', '2023-09-14T20:52:46.659202', 0.004611015319824219, 0.12980318069458008, 0.1344141960144043]
['mobile home', '2023-09-14T20:52:50.686101', 0.005019664764404297, 0.12985754013061523, 0.13487720489501953]
['rock python', '2023-09-14T20:52:54.759787', 0.004510641098022461, 0.1315922737121582, 0.13610291481018066]
['flagpole', '2023-09-14T20:52:58.831585', 0.0038552284240722656, 0.12376022338867188, 0.12761545181274414]
['brown bear', '2023-09-14T20:53:03.037457', 0.004716634750366211, 0.13129568099975586, 0.13601231575012207]
['rotisserie', '2023-09-14T20:53:07.195007', 0.004622220993041992, 0.12657642364501953, 0.13119864463806152]
['monastery', '2023-09-14T20:53:11.289435', 0.004953861236572266, 0.12843966484069824, 0.1333935260772705]
['monarch', '2023-09-14T20:53:15.364384', 0.0019383430480957031, 0.14208483695983887, 0.14402318000793457]
['dumbbell', '2023-09-14T20:53:19.469944', 0.0048809051513671875, 0.133897066116333, 0.1387779712677002]
['lacewing', '2023-09-14T20:53:23.494130', 0.004919767379760742, 0.1298360824584961, 0.13475584983825684]
['Chihuahua', '2023-09-14T20:53:27.500475', 0.002021312713623047, 0.13203978538513184, 0.13406109809875488]
['dining table', '2023-09-14T20:53:31.541530', 0.0016775131225585938, 0.126875638961792, 0.12855315208435059]
['lakeside', '2023-09-14T20:53:35.587283', 0.0032880306243896484, 0.1452345848083496, 0.14852261543273926]
['overskirt', '2023-09-14T20:53:39.688788', 0.004912137985229492, 0.12619686126708984, 0.13110899925231934]
['fox squirrel', '2023-09-14T20:53:43.786640', 0.005060911178588867, 0.12952351570129395, 0.1345844268798828]
['toy terrier', '2023-09-14T20:53:47.851680', 0.005170106887817383, 0.12694001197814941, 0.1321101188659668]
['komondor', '2023-09-14T20:53:52.015621', 0.005289316177368164, 0.12950992584228516, 0.13479924201965332]
['common newt', '2023-09-14T20:53:56.043043', 0.0028214454650878906, 0.14109063148498535, 0.14391207695007324]
['castle', '2023-09-14T20:54:00.244641', 0.003458738327026367, 0.1282644271850586, 0.13172316551208496]
['Irish water spaniel', '2023-09-14T20:54:04.419215', 0.002227783203125, 0.13610482215881348, 0.13833260536193848]
['sea cucumber', '2023-09-14T20:54:08.567182', 0.004799842834472656, 0.13099336624145508, 0.13579320907592773]
['Lakeland terrier', '2023-09-14T20:54:12.568874', 0.005120515823364258, 0.1348552703857422, 0.13997578620910645]
['stone wall', '2023-09-14T20:54:16.657916', 0.004754543304443359, 0.12975239753723145, 0.1345069408416748]
['velvet', '2023-09-14T20:54:20.777855', 0.0016562938690185547, 0.12544560432434082, 0.12710189819335938]
['steel arch bridge', '2023-09-14T20:54:24.775488', 0.0044820308685302734, 0.1288743019104004, 0.13335633277893066]
['lacewing', '2023-09-14T20:54:28.846089', 0.005445718765258789, 0.12957167625427246, 0.13501739501953125]
['spaghetti squash', '2023-09-14T20:54:32.885496', 0.0049571990966796875, 0.13395905494689941, 0.1389162540435791]
['tailed frog', '2023-09-14T20:54:36.922684', 0.004490375518798828, 0.1368696689605713, 0.14136004447937012]
['nematode', '2023-09-14T20:54:40.978962', 0.0024187564849853516, 0.15639877319335938, 0.15881752967834473]
['drilling platform', '2023-09-14T20:54:49.224091', 0.0024640560150146484, 0.14171576499938965, 0.1441798210144043]
['loupe', '2023-09-14T20:54:53.303770', 0.004830598831176758, 0.14042019844055176, 0.14525079727172852]
['parallel bars', '2023-09-14T20:54:57.385260', 0.0047032833099365234, 0.15154600143432617, 0.1562492847442627]
['maypole', '2023-09-14T20:55:01.597840', 0.0023784637451171875, 0.15073752403259277, 0.15311598777770996]
['airliner', '2023-09-14T20:55:05.735839', 0.0035657882690429688, 0.18166518211364746, 0.18523097038269043]
['bullet train', '2023-09-14T20:55:09.831078', 0.0026242733001708984, 0.16753673553466797, 0.17016100883483887]
['grey whale', '2023-09-14T20:55:13.894297', 0.0020973682403564453, 0.17226147651672363, 0.17435884475708008]
['throne', '2023-09-14T20:55:18.011249', 0.0022046566009521484, 0.18272137641906738, 0.18492603302001953]
['consomme', '2023-09-14T20:55:22.032138', 0.004309415817260742, 0.1270756721496582, 0.13138508796691895]
['spotted salamander', '2023-09-14T20:55:26.043266', 0.002933025360107422, 0.13385391235351562, 0.13678693771362305]
['komondor', '2023-09-14T20:55:30.054388', 0.001981019973754883, 0.13058257102966309, 0.13256359100341797]
['rock python', '2023-09-14T20:55:34.134248', 0.0034248828887939453, 0.13446545600891113, 0.13789033889770508]
['bolete', '2023-09-14T20:55:38.212307', 0.004477500915527344, 0.137190580368042, 0.14166808128356934]
['lesser panda', '2023-09-14T20:55:42.307030', 0.0032851696014404297, 0.133988618850708, 0.13727378845214844]
['nematode', '2023-09-14T20:55:46.385025', 0.005004405975341797, 0.12799477577209473, 0.13299918174743652]
['water tower', '2023-09-14T20:55:50.494094', 0.004883766174316406, 0.12940144538879395, 0.13428521156311035]
['bighorn', '2023-09-14T20:55:54.516107', 0.0036437511444091797, 0.12978696823120117, 0.13343071937561035]
['bighorn', '2023-09-14T20:55:58.753593', 0.004600048065185547, 0.13418197631835938, 0.13878202438354492]
['freight car', '2023-09-14T20:56:02.961166', 0.004670619964599609, 0.13299179077148438, 0.13766241073608398]
['organ', '2023-09-14T20:56:07.110318', 0.002204418182373047, 0.14565443992614746, 0.1478588581085205]
['unicycle', '2023-09-14T20:56:11.116731', 0.003495454788208008, 0.12980389595031738, 0.1332993507385254]
['dugong', '2023-09-14T20:56:15.189548', 0.0016968250274658203, 0.12592387199401855, 0.12762069702148438]
['jersey', '2023-09-14T20:56:19.288707', 0.003902435302734375, 0.13547372817993164, 0.13937616348266602]
['Madagascar cat', '2023-09-14T20:56:23.276741', 0.0029888153076171875, 0.13191652297973633, 0.13490533828735352]
['mobile home', '2023-09-14T20:56:27.327790', 0.0030336380004882812, 0.14319062232971191, 0.1462242603302002]
['overskirt', '2023-09-14T20:56:31.343477', 0.004501819610595703, 0.1295151710510254, 0.1340169906616211]
['hot pot', '2023-09-14T20:56:35.412227', 0.0040514469146728516, 0.13017773628234863, 0.13422918319702148]
['typewriter keyboard', '2023-09-14T20:56:39.466508', 0.0028734207153320312, 0.13048195838928223, 0.13335537910461426]
['letter opener', '2023-09-14T20:56:43.681996', 0.004487276077270508, 0.12700271606445312, 0.13148999214172363]
['book jacket', '2023-09-14T20:56:47.714711', 0.0046672821044921875, 0.13800454139709473, 0.14267182350158691]
['abaya', '2023-09-14T20:56:51.796759', 0.00550532341003418, 0.13087081909179688, 0.13637614250183105]
['chime', '2023-09-14T20:56:55.874915', 0.004626750946044922, 0.12510991096496582, 0.12973666191101074]
['binoculars', '2023-09-14T20:57:00.073681', 0.0044307708740234375, 0.1268470287322998, 0.13127779960632324]
['ocarina', '2023-09-14T20:57:04.263746', 0.004830598831176758, 0.12448620796203613, 0.1293168067932129]
['pedestal', '2023-09-14T20:57:08.358209', 0.004960536956787109, 0.12934088706970215, 0.13430142402648926]
['promontory', '2023-09-14T20:57:12.434686', 0.0036754608154296875, 0.12818241119384766, 0.13185787200927734]
['oxcart', '2023-09-14T20:57:16.596686', 0.004100322723388672, 0.12562060356140137, 0.12972092628479004]
['reel', '2023-09-14T20:57:20.615250', 0.0036106109619140625, 0.1328597068786621, 0.13647031784057617]
['daisy', '2023-09-14T20:57:24.651894', 0.005100250244140625, 0.13262152671813965, 0.13772177696228027]
['albatross', '2023-09-14T20:57:28.665335', 0.004187345504760742, 0.13659429550170898, 0.14078164100646973]
['abacus', '2023-09-14T20:57:32.709436', 0.0045125484466552734, 0.13087153434753418, 0.13538408279418945]
['lion', '2023-09-14T20:57:36.781143', 0.002747774124145508, 0.15571165084838867, 0.15845942497253418]
['spider web', '2023-09-14T20:57:40.874388', 0.004627704620361328, 0.12380623817443848, 0.1284339427947998]
['monastery', '2023-09-14T20:57:44.950219', 0.0017294883728027344, 0.13068699836730957, 0.1324164867401123]
['chain saw', '2023-09-14T20:57:49.046448', 0.002182483673095703, 0.15185236930847168, 0.15403485298156738]
['goose', '2023-09-14T20:57:53.064808', 0.0017056465148925781, 0.12422347068786621, 0.1259291172027588]
['whiskey jug', '2023-09-14T20:57:57.311694', 0.001737833023071289, 0.14232707023620605, 0.14406490325927734]
['Sealyham terrier', '2023-09-14T20:58:01.486161', 0.0016841888427734375, 0.12427353858947754, 0.12595772743225098]
['gazelle', '2023-09-14T20:58:05.644067', 0.004400014877319336, 0.13340425491333008, 0.13780426979064941]
['gondola', '2023-09-14T20:58:09.651418', 0.004803657531738281, 0.14627695083618164, 0.15108060836791992]
['barn spider', '2023-09-14T20:58:13.762039', 0.004868984222412109, 0.12698578834533691, 0.13185477256774902]
['moving van', '2023-09-14T20:58:17.873063', 0.005043745040893555, 0.13805556297302246, 0.14309930801391602]
['marmoset', '2023-09-14T20:58:21.879340', 0.004861593246459961, 0.1275496482849121, 0.13241124153137207]
['English setter', '2023-09-14T20:58:25.969570', 0.0032825469970703125, 0.12365174293518066, 0.12693428993225098]
['maillot tank suit', '2023-09-14T20:58:29.984776', 0.0031659603118896484, 0.1264348030090332, 0.12960076332092285]
['oboe', '2023-09-14T20:58:34.047795', 0.004504203796386719, 0.13803601264953613, 0.14254021644592285]
['oxcart', '2023-09-14T20:58:38.120245', 0.004939556121826172, 0.12880969047546387, 0.13374924659729004]
['brain coral', '2023-09-14T20:58:42.300862', 0.003803253173828125, 0.1295638084411621, 0.13336706161499023]
['Chihuahua', '2023-09-14T20:58:46.353926', 0.002658367156982422, 0.16816139221191406, 0.17081975936889648]
['abaya', '2023-09-14T20:58:50.420852', 0.005041599273681641, 0.12928986549377441, 0.13433146476745605]
['barn spider', '2023-09-14T20:58:54.500861', 0.0049822330474853516, 0.1284193992614746, 0.13340163230895996]
['brass', '2023-09-14T20:58:58.702871', 0.003270864486694336, 0.12548470497131348, 0.1287555694580078]
['freight car', '2023-09-14T20:59:02.865972', 0.004884004592895508, 0.13131475448608398, 0.1361987590789795]
['toy terrier', '2023-09-14T20:59:06.958825', 0.002534627914428711, 0.13555550575256348, 0.1380901336669922]
['black grouse', '2023-09-14T20:59:11.023777', 0.003515958786010742, 0.14366507530212402, 0.14718103408813477]
['black grouse', '2023-09-14T20:59:15.145284', 0.004397392272949219, 0.1298372745513916, 0.13423466682434082]
['sidewinder', '2023-09-14T20:59:19.189858', 0.004433870315551758, 0.1235203742980957, 0.12795424461364746]
['barn spider', '2023-09-14T20:59:23.212923', 0.0048487186431884766, 0.13170671463012695, 0.13655543327331543]
['siamang', '2023-09-14T20:59:27.241746', 0.0028929710388183594, 0.12841176986694336, 0.13130474090576172]
['overskirt', '2023-09-14T20:59:31.291319', 0.005173683166503906, 0.13405179977416992, 0.13922548294067383]
['punching bag', '2023-09-14T20:59:35.403238', 0.00498652458190918, 0.13062500953674316, 0.13561153411865234]
['Arabian camel', '2023-09-14T20:59:39.497515', 0.0017571449279785156, 0.12754487991333008, 0.1293020248413086]
['fire screen', '2023-09-14T20:59:43.561834', 0.0047607421875, 0.13281774520874023, 0.13757848739624023]
['butcher shop', '2023-09-14T20:59:47.692070', 0.004609584808349609, 0.12454795837402344, 0.12915754318237305]
['slide rule', '2023-09-14T20:59:51.716226', 0.003475666046142578, 0.20263409614562988, 0.20610976219177246]
['bullet train', '2023-09-14T20:59:55.940328', 0.001710653305053711, 0.14689016342163086, 0.14860081672668457]
['throne', '2023-09-14T21:00:00.117080', 0.002752542495727539, 0.15453267097473145, 0.15728521347045898]
['tick', '2023-09-14T21:00:04.260484', 0.00310516357421875, 0.15934443473815918, 0.16244959831237793]
['overskirt', '2023-09-14T21:00:08.262927', 0.002053499221801758, 0.15785479545593262, 0.15990829467773438]
['barn spider', '2023-09-14T21:00:12.343583', 0.004816532135009766, 0.15809917449951172, 0.16291570663452148]
['face powder', '2023-09-14T21:00:16.455769', 0.002203226089477539, 0.154327392578125, 0.15653061866760254]
['pole', '2023-09-14T21:00:20.459868', 0.0017592906951904297, 0.16576600074768066, 0.1675252914428711]
['amphibian', '2023-09-14T21:00:24.525086', 0.002483367919921875, 0.15435290336608887, 0.15683627128601074]
['binder', '2023-09-14T21:00:28.535977', 0.0030889511108398438, 0.1584489345550537, 0.16153788566589355]
['thatch', '2023-09-14T21:00:32.569492', 0.0025529861450195312, 0.16666245460510254, 0.16921544075012207]
['isopod', '2023-09-14T21:00:36.633388', 0.003301382064819336, 0.14454102516174316, 0.1478424072265625]
['barn spider', '2023-09-14T21:00:40.813863', 0.0032737255096435547, 0.15943479537963867, 0.16270852088928223]
['slug', '2023-09-14T21:00:44.838985', 0.0023314952850341797, 0.16214299201965332, 0.1644744873046875]
['triumphal arch', '2023-09-14T21:00:48.916512', 0.003107309341430664, 0.14612126350402832, 0.14922857284545898]
['steel arch bridge', '2023-09-14T21:00:53.001451', 0.0045070648193359375, 0.15079164505004883, 0.15529870986938477]
['tobacco shop', '2023-09-14T21:00:57.222289', 0.004769325256347656, 0.14365220069885254, 0.1484215259552002]
['croquet ball', '2023-09-14T21:01:01.372719', 0.0023965835571289062, 0.14269661903381348, 0.14509320259094238]
['overskirt', '2023-09-14T21:01:05.467979', 0.003055572509765625, 0.13937139511108398, 0.1424269676208496]
['otterhound', '2023-09-14T21:01:09.542235', 0.002618074417114258, 0.14866042137145996, 0.15127849578857422]
['electric ray', '2023-09-14T21:01:13.655001', 0.0021109580993652344, 0.17123866081237793, 0.17334961891174316]
['bulletproof vest', '2023-09-14T21:01:17.668355', 0.0022916793823242188, 0.17394161224365234, 0.17623329162597656]
['hourglass', '2023-09-14T21:01:21.688054', 0.001965045928955078, 0.18809103965759277, 0.19005608558654785]
['vine snake', '2023-09-14T21:01:25.703357', 0.003404378890991211, 0.16632986068725586, 0.16973423957824707]
['maypole', '2023-09-14T21:01:29.768626', 0.00404667854309082, 0.16126322746276855, 0.16530990600585938]
['ant', '2023-09-14T21:01:33.885486', 0.004315853118896484, 0.16884613037109375, 0.17316198348999023]
['German shepherd', '2023-09-14T21:01:37.978290', 0.0027322769165039062, 0.180647611618042, 0.1833798885345459]
['fire screen', '2023-09-14T21:01:42.036616', 0.003170490264892578, 0.1497786045074463, 0.15294909477233887]
['bell pepper', '2023-09-14T21:01:46.135723', 0.0033674240112304688, 0.14850616455078125, 0.15187358856201172]
['indri', '2023-09-14T21:01:50.170827', 0.002480745315551758, 0.19737577438354492, 0.19985651969909668]
['overskirt', '2023-09-14T21:01:54.384516', 0.002105236053466797, 0.17063045501708984, 0.17273569107055664]
['flagpole', '2023-09-14T21:01:58.565746', 0.002721071243286133, 0.1691584587097168, 0.17187952995300293]
['frilled lizard', '2023-09-14T21:02:02.710417', 0.0025510787963867188, 0.1552422046661377, 0.15779328346252441]
['pick', '2023-09-14T21:02:06.711460', 0.002118349075317383, 0.1684250831604004, 0.17054343223571777]
['lion', '2023-09-14T21:02:10.787805', 0.0022559165954589844, 0.15541601181030273, 0.15767192840576172]
['Petri dish', '2023-09-14T21:02:14.900892', 0.002496957778930664, 0.14480352401733398, 0.14730048179626465]
['sulphur butterfly', '2023-09-14T21:02:18.894836', 0.0025751590728759766, 0.13696646690368652, 0.1395416259765625]
['sulphur butterfly', '2023-09-14T21:02:22.951094', 0.0017201900482177734, 0.13204050064086914, 0.13376069068908691]
['shoji', '2023-09-14T21:02:26.958001', 0.002078533172607422, 0.13310837745666504, 0.13518691062927246]
['bighorn', '2023-09-14T21:02:30.986473', 0.002740144729614258, 0.18141698837280273, 0.184157133102417]
['bagel', '2023-09-14T21:02:35.041963', 0.003433704376220703, 0.17168664932250977, 0.17512035369873047]
['dining table', '2023-09-14T21:02:39.218672', 0.002491474151611328, 0.16151142120361328, 0.1640028953552246]
['whiskey jug', '2023-09-14T21:02:43.253799', 0.0052754878997802734, 0.15560293197631836, 0.16087841987609863]
['sea cucumber', '2023-09-14T21:02:47.327658', 0.00229644775390625, 0.1712207794189453, 0.17351722717285156]
['gazelle', '2023-09-14T21:02:51.405510', 0.002425670623779297, 0.16777706146240234, 0.17020273208618164]
['promontory', '2023-09-14T21:02:55.623332', 0.005112648010253906, 0.17261433601379395, 0.17772698402404785]
['throne', '2023-09-14T21:02:59.786119', 0.0034699440002441406, 0.15752673149108887, 0.160996675491333]
['bell pepper', '2023-09-14T21:03:03.870650', 0.0035195350646972656, 0.15564966201782227, 0.15916919708251953]
['dugong', '2023-09-14T21:03:07.950591', 0.0021262168884277344, 0.16185545921325684, 0.16398167610168457]
['fox squirrel', '2023-09-14T21:03:12.062499', 0.002031087875366211, 0.15474462509155273, 0.15677571296691895]
['seashore', '2023-09-14T21:03:16.068406', 0.0019156932830810547, 0.16419100761413574, 0.1661067008972168]
['barn spider', '2023-09-14T21:03:20.100752', 0.004128456115722656, 0.16364312171936035, 0.167771577835083]
['moving van', '2023-09-14T21:03:28.168509', 0.0021865367889404297, 0.15998625755310059, 0.16217279434204102]
['coral reef', '2023-09-14T21:03:32.247897', 0.0035080909729003906, 0.17995738983154297, 0.18346548080444336]
['Bedlington terrier', '2023-09-14T21:03:36.345163', 0.003566741943359375, 0.1607367992401123, 0.16430354118347168]
['lesser panda', '2023-09-14T21:03:40.419051', 0.00267791748046875, 0.17336344718933105, 0.1760413646697998]
['barrel', '2023-09-14T21:03:44.535385', 0.0048029422760009766, 0.15657949447631836, 0.16138243675231934]
['Japanese spaniel', '2023-09-14T21:03:48.569579', 0.0025925636291503906, 0.16245198249816895, 0.16504454612731934]
['overskirt', '2023-09-14T21:03:52.790860', 0.003333568572998047, 0.16648578643798828, 0.16981935501098633]
['grand piano', '2023-09-14T21:03:56.967640', 0.0021560192108154297, 0.16403627395629883, 0.16619229316711426]
['volleyball', '2023-09-14T21:04:01.128141', 0.0024471282958984375, 0.16901898384094238, 0.17146611213684082]
['king penguin', '2023-09-14T21:04:05.133734', 0.001890420913696289, 0.18491339683532715, 0.18680381774902344]
['pedestal', '2023-09-14T21:04:09.225076', 0.0020706653594970703, 0.16640329360961914, 0.1684739589691162]
['bannister', '2023-09-14T21:04:13.345745', 0.003329753875732422, 0.15953493118286133, 0.16286468505859375]
['throne', '2023-09-14T21:04:17.335053', 0.0029840469360351562, 0.16710853576660156, 0.17009258270263672]
['passenger car', '2023-09-14T21:04:21.403508', 0.0030388832092285156, 0.16904902458190918, 0.1720879077911377]
['barn spider', '2023-09-14T21:04:29.493906', 0.0036547183990478516, 0.15106987953186035, 0.1547245979309082]
['freight car', '2023-09-14T21:04:33.559861', 0.00470280647277832, 0.15950751304626465, 0.16421031951904297]
['fox squirrel', '2023-09-14T21:04:37.727732', 0.003283977508544922, 0.1639249324798584, 0.16720890998840332]
['spatula', '2023-09-14T21:04:41.759156', 0.0023546218872070312, 0.1559617519378662, 0.15831637382507324]
['cauliflower', '2023-09-14T21:04:45.841383', 0.003030538558959961, 0.1748027801513672, 0.17783331871032715]
['hair spray', '2023-09-14T21:04:49.918462', 0.002266407012939453, 0.15762805938720703, 0.15989446640014648]
['stopwatch', '2023-09-14T21:04:54.130814', 0.0021104812622070312, 0.1508169174194336, 0.15292739868164062]
['baboon', '2023-09-14T21:04:58.279586', 0.002202272415161133, 0.1482532024383545, 0.15045547485351562]
['lesser panda', '2023-09-14T21:05:02.372696', 0.0034570693969726562, 0.15482831001281738, 0.15828537940979004]
['bell pepper', '2023-09-14T21:05:06.443294', 0.0045166015625, 0.18296194076538086, 0.18747854232788086]
['barn spider', '2023-09-14T21:05:10.542068', 0.002909421920776367, 0.15733766555786133, 0.1602470874786377]
['cardoon', '2023-09-14T21:05:14.559356', 0.0018031597137451172, 0.15499520301818848, 0.1567983627319336]
['tailed frog', '2023-09-14T21:05:18.579955', 0.003041982650756836, 0.16150832176208496, 0.1645503044128418]
['steel arch bridge', '2023-09-14T21:05:22.588134', 0.002428770065307617, 0.15832185745239258, 0.1607506275177002]
['bolo tie', '2023-09-14T21:05:26.643691', 0.003990888595581055, 0.17511582374572754, 0.1791067123413086]
